05/10/2012,6190.000,6196.000,6082.000,6142.000,259996
05/11/2012,6110.000,6115.000,6000.000,6002.000,206804
05/14/2012,6040.000,6045.000,5960.000,5977.000,207668
05/15/2012,5895.000,5910.000,5711.000,5843.000,445150
05/16/2012,5750.000,5786.000,5643.000,5647.000,599186
05/17/2012,5705.000,5787.000,5691.000,5763.000,558246
05/18/2012,5808.000,5881.000,5768.000,5863.000,695576
05/21/2012,5957.000,5964.000,5903.000,5941.000,405766
05/22/2012,5920.000,5930.000,5882.000,5890.000,371088
05/23/2012,5800.000,5818.000,5759.000,5791.000,300170
05/24/2012,5785.000,5838.000,5766.000,5832.000,301270
05/25/2012,5858.000,5912.000,5804.000,5904.000,420278
05/28/2012,5940.000,5992.000,5916.000,5989.000,381418
05/29/2012,5933.000,5982.000,5922.000,5962.000,349920
05/30/2012,5817.000,5855.000,5798.000,5801.000,349610
05/31/2012,5836.000,5878.000,5826.000,5851.000,365958
06/01/2012,5800.000,5840.000,5771.000,5832.000,296984
06/04/2012,5923.000,5998.000,5901.000,5947.000,393532
06/05/2012,5954.000,5985.000,5921.000,5931.000,323394
06/06/2012,6001.000,6092.000,5991.000,6088.000,343846
06/07/2012,6145.000,6154.000,6110.000,6133.000,272726
06/08/2012,6005.000,6023.000,5905.000,5935.000,316480
06/11/2012,6054.000,6099.000,6031.000,6063.000,207094
06/12/2012,5992.000,6038.000,5978.000,5988.000,243702
06/13/2012,6050.000,6083.000,6040.000,6081.000,184636
06/14/2012,6068.000,6128.000,6061.000,6080.000,189246
06/15/2012,6050.000,6085.000,6032.000,6070.000,208546
06/18/2012,6087.000,6095.000,6003.000,6010.000,309918
06/19/2012,6058.000,6080.000,6045.000,6063.000,168258
06/20/2012,5996.000,6029.000,5990.000,6010.000,175782
06/21/2012,5900.000,5925.000,5893.000,5911.000,141540
06/25/2012,5700.000,5742.000,5691.000,5716.000,162514
06/26/2012,5830.000,5830.000,5783.000,5791.000,139496
06/27/2012,5767.000,5771.000,5725.000,5745.000,134318
06/28/2012,5778.000,5782.000,5733.000,5737.000,120318
06/29/2012,5651.000,5764.000,5632.000,5751.000,234654
07/02/2012,5831.000,5835.000,5785.000,5796.000,156980
07/03/2012,5820.000,5915.000,5810.000,5909.000,186102
07/04/2012,5952.000,5979.000,5932.000,5948.000,133860
07/05/2012,5960.000,5995.000,5944.000,5993.000,118224
07/06/2012,5929.000,5932.000,5864.000,5872.000,148200
07/09/2012,5790.000,5832.000,5782.000,5806.000,141584
07/10/2012,5813.000,5834.000,5795.000,5798.000,100886
07/11/2012,5755.000,5780.000,5750.000,5774.000,95358
07/12/2012,5774.000,5779.000,5728.000,5743.000,113558
07/13/2012,5770.000,5830.000,5764.000,5828.000,96844
07/16/2012,5810.000,5834.000,5787.000,5828.000,90630
07/17/2012,5845.000,5877.000,5812.000,5830.000,104858
07/18/2012,5835.000,5838.000,5780.000,5811.000,76038
07/19/2012,5815.000,5828.000,5797.000,5822.000,64602
07/20/2012,5809.000,5811.000,5787.000,5799.000,61744
07/23/2012,5845.000,5845.000,5777.000,5790.000,76106
07/24/2012,5796.000,5822.000,5792.000,5794.000,63916
07/25/2012,5784.000,5817.000,5740.000,5745.000,81420
07/26/2012,5840.000,5886.000,5820.000,5872.000,100676
07/27/2012,5862.000,5932.000,5862.000,5926.000,83740
07/30/2012,5923.000,5925.000,5887.000,5893.000,66076
07/31/2012,5978.000,6044.000,5972.000,6022.000,124084
08/01/2012,5965.000,5992.000,5949.000,5990.000,76542
08/02/2012,5880.000,5910.000,5880.000,5896.000,67152
08/03/2012,5866.000,5868.000,5842.000,5862.000,54240
08/06/2012,5970.000,5972.000,5941.000,5950.000,48632
08/07/2012,5966.000,5974.000,5956.000,5966.000,38914
08/08/2012,5999.000,5999.000,5953.000,5955.000,56720
08/09/2012,5988.000,6022.000,5980.000,6020.000,70034
08/10/2012,6005.000,6006.000,5961.000,5975.000,56594
08/13/2012,6004.000,6024.000,5986.000,5994.000,78452
08/14/2012,5974.000,5980.000,5944.000,5975.000,62094
08/15/2012,5961.000,5969.000,5950.000,5953.000,42428
08/16/2012,5969.000,5978.000,5945.000,5951.000,40694
08/17/2012,6016.000,6037.000,6003.000,6030.000,58038
08/20/2012,6000.000,6034.000,5996.000,6019.000,53440
08/21/2012,6100.000,6158.000,6094.000,6149.000,119104
08/22/2012,6208.000,6266.000,6202.000,6260.000,112388
08/23/2012,6337.000,6565.000,6333.000,6524.000,418584
08/24/2012,6518.000,6548.000,6459.000,6487.000,313806
08/27/2012,6588.000,6708.000,6585.000,6632.000,469970
08/28/2012,6551.000,6575.000,6516.000,6566.000,226954
08/29/2012,6569.000,6624.000,6560.000,6620.000,305838
08/30/2012,6580.000,6587.000,6525.000,6572.000,251916
08/31/2012,6500.000,6504.000,6463.000,6494.000,208992
09/03/2012,6731.000,6849.000,6730.000,6821.000,309066
09/04/2012,6900.000,6932.000,6837.000,6876.000,270772
09/05/2012,6869.000,6904.000,6855.000,6877.000,198896
09/06/2012,6900.000,7072.000,6889.000,7043.000,504852
09/07/2012,6986.000,7006.000,6802.000,6874.000,566630
09/10/2012,7182.000,7272.000,7175.000,7213.000,382854
09/11/2012,7170.000,7195.000,7115.000,7188.000,361810
09/12/2012,7200.000,7220.000,7166.000,7182.000,283692
09/13/2012,7109.000,7123.000,7051.000,7056.000,261508
09/14/2012,7450.000,7506.000,7356.000,7384.000,421404
09/17/2012,7399.000,7405.000,7342.000,7352.000,225840
09/18/2012,7275.000,7295.000,7220.000,7289.000,251114
09/19/2012,7374.000,7438.000,7300.000,7434.000,387928
09/20/2012,7367.000,7405.000,7283.000,7306.000,382430
09/21/2012,7396.000,7419.000,7364.000,7409.000,305904
09/24/2012,7254.000,7258.000,7098.000,7165.000,333096
09/25/2012,7215.000,7220.000,7123.000,7159.000,223366
09/26/2012,7120.000,7193.000,7118.000,7150.000,214708
09/27/2012,7175.000,7237.000,7168.000,7234.000,264536
09/28/2012,7370.000,7405.000,7310.000,7378.000,228456
10/08/2012,7256.000,7264.000,7035.000,7105.000,325632
10/09/2012,7135.000,7163.000,7099.000,7105.000,203646
10/10/2012,7050.000,7091.000,7022.000,7080.000,206778
10/11/2012,7058.000,7140.000,7047.000,7120.000,251396
10/12/2012,7094.000,7143.000,7065.000,7080.000,226352
10/15/2012,6880.000,6924.000,6865.000,6884.000,203468
10/16/2012,6822.000,6873.000,6807.000,6865.000,204062
10/17/2012,6900.000,6906.000,6860.000,6863.000,147290
10/18/2012,6871.000,6915.000,6839.000,6883.000,182880
10/19/2012,6832.000,6848.000,6758.000,6759.000,199004
10/22/2012,6667.000,6749.000,6663.000,6748.000,161366
10/23/2012,6747.000,6770.000,6704.000,6717.000,190176
10/24/2012,6682.000,6739.000,6668.000,6738.000,211926
10/25/2012,6730.000,6833.000,6713.000,6806.000,368806
10/26/2012,6801.000,6829.000,6639.000,6679.000,344532
10/29/2012,6768.000,6780.000,6717.000,6723.000,237754
10/30/2012,6710.000,6724.000,6670.000,6708.000,195374
10/31/2012,6705.000,6730.000,6682.000,6719.000,152548
11/01/2012,6804.000,6914.000,6804.000,6907.000,179018
11/02/2012,6852.000,6860.000,6703.000,6751.000,253004
11/05/2012,6579.000,6606.000,6495.000,6520.000,268620
11/06/2012,6552.000,6580.000,6536.000,6569.000,167174
11/07/2012,6671.000,6785.000,6648.000,6752.000,358528
11/08/2012,6656.000,6712.000,6656.000,6681.000,206396
11/09/2012,6750.000,6809.000,6746.000,6775.000,260120
11/12/2012,6835.000,6848.000,6765.000,6819.000,250436
11/13/2012,6725.000,6741.000,6688.000,6732.000,187190
11/14/2012,6800.000,6818.000,6767.000,6817.000,181166
11/15/2012,6775.000,6809.000,6766.000,6783.000,173356
11/16/2012,6785.000,6796.000,6702.000,6728.000,215134
11/19/2012,6745.000,6805.000,6741.000,6788.000,189336
11/20/2012,6867.000,6907.000,6853.000,6885.000,217976
11/21/2012,6879.000,6879.000,6817.000,6844.000,159218
11/22/2012,6913.000,6938.000,6884.000,6884.000,149390
11/23/2012,6888.000,6933.000,6855.000,6926.000,157372
11/26/2012,7014.000,7045.000,6985.000,7036.000,225798
11/27/2012,7058.000,7073.000,7020.000,7029.000,203696
11/28/2012,7005.000,7012.000,6932.000,6967.000,208008
11/29/2012,6940.000,6944.000,6881.000,6883.000,200980
11/30/2012,6960.000,6990.000,6944.000,6982.000,210346
12/03/2012,6880.000,6880.000,6804.000,6815.000,237572
12/04/2012,6801.000,6801.000,6695.000,6716.000,251742
12/05/2012,6671.000,6743.000,6661.000,6737.000,222312
12/06/2012,6709.000,6718.000,6625.000,6640.000,242694
12/07/2012,6704.000,6722.000,6671.000,6691.000,166690
12/10/2012,6716.000,6756.000,6714.000,6742.000,135466
12/11/2012,6712.000,6714.000,6671.000,6711.000,124306
12/12/2012,6684.000,6724.000,6677.000,6709.000,127032
12/13/2012,6720.000,6720.000,6584.000,6600.000,182696
12/14/2012,6785.000,6870.000,6776.000,6830.000,211004
12/17/2012,6780.000,6841.000,6733.000,6782.000,268520
12/18/2012,6805.000,6881.000,6804.000,6875.000,295256
12/19/2012,6744.000,6750.000,6692.000,6709.000,246968
12/20/2012,6609.000,6629.000,6563.000,6604.000,233014
12/21/2012,6388.000,6393.000,6308.000,6334.000,345726
12/24/2012,6350.000,6418.000,6335.000,6402.000,262284
12/25/2012,6350.000,6380.000,6302.000,6319.000,244038
12/26/2012,6335.000,6355.000,6313.000,6327.000,210776
12/27/2012,6331.000,6396.000,6318.000,6359.000,277800
12/28/2012,6393.000,6443.000,6392.000,6417.000,229654
12/31/2012,6438.000,6458.000,6381.000,6427.000,208232
01/04/2013,6306.000,6307.000,6193.000,6226.000,258306
01/07/2013,6330.000,6433.000,6321.000,6392.000,288146
01/08/2013,6418.000,6420.000,6358.000,6370.000,195804
01/09/2013,6416.000,6438.000,6402.000,6429.000,174856
01/10/2013,6398.000,6427.000,6378.000,6425.000,142460
01/11/2013,6490.000,6515.000,6458.000,6469.000,208206
01/14/2013,6419.000,6492.000,6409.000,6479.000,172922
01/15/2013,6555.000,6592.000,6506.000,6545.000,264694
01/16/2013,6630.000,6632.000,6585.000,6599.000,178166
01/17/2013,6612.000,6612.000,6555.000,6580.000,150812
01/18/2013,6632.000,6665.000,6619.000,6662.000,183110
01/21/2013,6681.000,6698.000,6649.000,6651.000,151046
01/22/2013,6675.000,6707.000,6665.000,6694.000,145342
01/23/2013,6710.000,6715.000,6675.000,6679.000,93064
01/24/2013,6623.000,6655.000,6588.000,6602.000,159896
01/25/2013,6538.000,6582.000,6534.000,6573.000,122526
01/28/2013,6503.000,6515.000,6483.000,6502.000,106196
01/29/2013,6480.000,6518.000,6466.000,6515.000,134510
01/30/2013,6530.000,6550.000,6530.000,6537.000,105226
01/31/2013,6632.000,6669.000,6625.000,6665.000,119246
02/01/2013,6560.000,6562.000,6530.000,6555.000,136754
02/04/2013,6598.000,6633.000,6581.000,6607.000,142090
02/05/2013,6594.000,6626.000,6583.000,6618.000,119484
02/06/2013,6619.000,6622.000,6585.000,6597.000,88676
02/07/2013,6611.000,6633.000,6596.000,6604.000,106936
02/08/2013,6530.000,6570.000,6500.000,6552.000,98404
02/18/2013,6289.000,6294.000,6242.000,6270.000,136064
02/19/2013,6267.000,6288.000,6260.000,6274.000,93184
02/20/2013,6203.000,6222.000,6180.000,6207.000,167672
02/21/2013,6088.000,6088.000,5952.000,5990.000,260802
02/22/2013,6026.000,6056.000,6018.000,6046.000,148990
02/25/2013,6019.000,6072.000,6000.000,6044.000,160606
02/26/2013,6075.000,6108.000,6036.000,6045.000,160482
02/27/2013,6140.000,6142.000,6096.000,6112.000,140766
02/28/2013,6086.000,6096.000,6075.000,6080.000,104102
03/01/2013,5999.000,6016.000,5964.000,5992.000,134078
03/04/2013,6045.000,6050.000,6003.000,6028.000,120306
03/05/2013,6024.000,6094.000,6015.000,6089.000,147038
03/06/2013,6045.000,6093.000,6045.000,6062.000,158216
03/07/2013,6098.000,6100.000,6058.000,6074.000,134436
03/08/2013,6063.000,6070.000,6025.000,6044.000,131012
03/11/2013,6070.000,6096.000,6058.000,6090.000,132830
03/12/2013,6081.000,6086.000,6045.000,6045.000,96506
03/13/2013,6100.000,6100.000,6071.000,6085.000,131258
03/14/2013,6049.000,6049.000,5940.000,6014.000,198510
03/15/2013,6014.000,6041.000,5991.000,6030.000,136176
03/18/2013,6039.000,6040.000,5933.000,5979.000,218586
03/19/2013,6010.000,6021.000,5990.000,6020.000,104700
03/20/2013,6013.000,6028.000,5985.000,6019.000,102868
03/21/2013,5980.000,6018.000,5971.000,6012.000,73110
03/22/2013,6057.000,6060.000,6016.000,6044.000,115434
03/25/2013,5970.000,6012.000,5964.000,5984.000,113320
03/26/2013,5985.000,5997.000,5962.000,5971.000,105996
03/27/2013,5983.000,5987.000,5836.000,5842.000,319702
03/28/2013,5917.000,5962.000,5908.000,5932.000,250694
03/29/2013,5850.000,5870.000,5791.000,5832.000,176690
04/01/2013,5831.000,5838.000,5730.000,5737.000,201872
04/02/2013,5781.000,5795.000,5741.000,5764.000,172648
04/03/2013,5610.000,5611.000,5538.000,5547.000,261454
04/08/2013,5619.000,5640.000,5547.000,5627.000,176572
04/09/2013,5610.000,5665.000,5609.000,5661.000,162138
04/10/2013,5752.000,5765.000,5730.000,5765.000,151478
04/11/2013,5664.000,5690.000,5644.000,5659.000,158282
04/12/2013,5690.000,5690.000,5662.000,5672.000,100244
04/15/2013,5334.000,5334.000,5334.000,5334.000,14618
04/16/2013,4853.000,5334.000,4853.000,4853.000,56066
04/17/2013,4840.000,4883.000,4725.000,4764.000,612936
04/18/2013,4672.000,4746.000,4526.000,4710.000,659300
04/19/2013,4702.000,4842.000,4686.000,4788.000,477892
04/22/2013,4770.000,4798.000,4724.000,4735.000,304622
04/23/2013,4735.000,4759.000,4551.000,4587.000,528696
04/24/2013,4618.000,4722.000,4579.000,4690.000,496746
04/25/2013,4693.000,4743.000,4664.000,4693.000,363126
04/26/2013,4943.000,5030.000,4873.000,4885.000,406698
05/02/2013,4735.000,4763.000,4682.000,4742.000,213340
05/03/2013,4760.000,4856.000,4749.000,4854.000,232054
05/06/2013,5028.000,5054.000,4950.000,4968.000,205634
05/07/2013,4932.000,4945.000,4789.000,4802.000,543370
05/08/2013,4860.000,4904.000,4832.000,4882.000,456092
05/09/2013,4860.000,4965.000,4858.000,4928.000,503712
05/10/2013,4850.000,4920.000,4830.000,4919.000,387560
05/13/2013,4890.000,4925.000,4840.000,4846.000,448140
05/14/2013,4880.000,4898.000,4846.000,4851.000,359648
05/15/2013,4801.000,4818.000,4693.000,4701.000,552498
05/16/2013,4659.000,4690.000,4624.000,4656.000,570488
05/17/2013,4671.000,4696.000,4625.000,4632.000,558146
05/20/2013,4450.000,4535.000,4383.000,4422.000,842816
05/21/2013,4650.000,4698.000,4581.000,4664.000,802662
05/22/2013,4640.000,4662.000,4602.000,4650.000,479390
05/23/2013,4558.000,4585.000,4515.000,4579.000,561584
05/24/2013,4600.000,4636.000,4568.000,4603.000,464634
05/27/2013,4572.000,4654.000,4560.000,4644.000,352650
05/28/2013,4618.000,4644.000,4605.000,4611.000,327356
05/29/2013,4603.000,4615.000,4542.000,4544.000,523550
05/30/2013,4580.000,4646.000,4570.000,4633.000,479300
05/31/2013,4649.000,4687.000,4641.000,4668.000,327216
06/03/2013,4610.000,4624.000,4580.000,4601.000,296834
06/04/2013,4656.000,4665.000,4617.000,4625.000,235944
06/05/2013,4616.000,4644.000,4592.000,4627.000,277668
06/06/2013,4610.000,4616.000,4570.000,4582.000,226454
06/07/2013,4638.000,4664.000,4625.000,4633.000,260218
06/13/2013,4463.000,4510.000,4460.000,4493.000,215416
06/14/2013,4490.000,4494.000,4452.000,4465.000,210800
06/17/2013,4501.000,4515.000,4491.000,4492.000,149758
06/18/2013,4490.000,4499.000,4462.000,4473.000,187186
06/19/2013,4460.000,4469.000,4421.000,4464.000,236998
06/20/2013,4368.000,4376.000,4228.000,4293.000,298892
06/21/2013,4080.000,4120.000,4080.000,4082.000,304670
06/24/2013,4122.000,4130.000,3984.000,3998.000,500922
06/25/2013,4020.000,4045.000,3981.000,4022.000,442052
06/26/2013,4006.000,4011.000,3797.000,3856.000,1142838
06/27/2013,3832.000,3874.000,3795.000,3838.000,849368
06/28/2013,3769.000,3865.000,3710.000,3839.000,1111408
07/01/2013,3955.000,4034.000,3926.000,4034.000,896516
07/02/2013,4030.000,4044.000,3990.000,4038.000,647658
07/03/2013,3998.000,4019.000,3971.000,4006.000,586626
07/04/2013,4036.000,4040.000,4005.000,4008.000,342352
07/05/2013,3869.000,3873.000,3830.000,3843.000,1212036
07/08/2013,3900.000,3985.000,3872.000,3940.000,1773534
07/09/2013,3917.000,3931.000,3905.000,3912.000,1062728
07/10/2013,3924.000,3948.000,3890.000,3935.000,934678
07/11/2013,4089.000,4099.000,4056.000,4076.000,1212674
07/12/2013,4033.000,4052.000,4030.000,4047.000,1011522
07/15/2013,4034.000,4060.000,4029.000,4058.000,760844
07/16/2013,4060.000,4077.000,4057.000,4063.000,678804
07/17/2013,4072.000,4093.000,3921.000,3940.000,2199422
07/18/2013,3963.000,3976.000,3912.000,3960.000,2243100
07/19/2013,3953.000,3963.000,3945.000,3959.000,1007868
07/22/2013,4122.000,4134.000,4104.000,4127.000,1242882
07/23/2013,4068.000,4110.000,4065.000,4108.000,774028
07/24/2013,4070.000,4086.000,4055.000,4063.000,1140322
07/25/2013,4068.000,4072.000,4061.000,4068.000,572140
07/26/2013,4010.000,4030.000,3966.000,3992.000,1176880
07/29/2013,3995.000,3995.000,3969.000,3976.000,715062
07/30/2013,3964.000,3964.000,3935.000,3950.000,779152
07/31/2013,3961.000,3977.000,3911.000,3957.000,1769552
08/01/2013,3968.000,3969.000,3943.000,3948.000,1111696
08/02/2013,4018.000,4030.000,3972.000,3983.000,1320462
08/05/2013,3950.000,3963.000,3949.000,3960.000,638826
08/06/2013,3946.000,3947.000,3931.000,3936.000,509478
08/07/2013,3900.000,3930.000,3897.000,3930.000,566956
08/08/2013,4003.000,4075.000,3991.000,4067.000,1464252
08/09/2013,4055.000,4117.000,4047.000,4094.000,1719580
08/12/2013,4249.000,4330.000,4249.000,4328.000,1457694
08/13/2013,4357.000,4378.000,4300.000,4349.000,2666460
08/14/2013,4358.000,4379.000,4326.000,4379.000,2167428
08/15/2013,4385.000,4648.000,4376.000,4627.000,3025210
08/16/2013,4620.000,4711.000,4610.000,4678.000,3210088
08/19/2013,4650.000,4671.000,4624.000,4644.000,2542666
08/20/2013,4610.000,4654.000,4583.000,4613.000,2971640
08/21/2013,4611.000,4625.000,4563.000,4598.000,3047280
08/22/2013,4628.000,4668.000,4621.000,4630.000,2019808
08/23/2013,4638.000,4909.000,4635.000,4882.000,3634916
08/26/2013,4896.000,4985.000,4851.000,4881.000,3534956
08/27/2013,4990.000,5028.000,4971.000,4993.000,3026166
08/28/2013,5066.000,5085.000,4875.000,4919.000,4087854
08/29/2013,4866.000,4866.000,4766.000,4819.000,3685010
08/30/2013,4730.000,4755.000,4685.000,4718.000,3066830
09/02/2013,4901.000,4919.000,4858.000,4907.000,2182242
09/03/2013,4945.000,4966.000,4930.000,4941.000,1942962
09/04/2013,4760.000,4760.000,4720.000,4720.000,1790000
09/05/2013,4734.000,4734.000,4662.000,4712.000,2695774
09/06/2013,4800.000,4840.000,4800.000,4822.000,1984446
09/09/2013,4776.000,4821.000,4776.000,4798.000,1436476
09/10/2013,4682.000,4684.000,4620.000,4671.000,1907130
09/11/2013,4668.000,4692.000,4663.000,4677.000,1344870
09/12/2013,4450.000,4489.000,4425.000,4450.000,1780702
09/13/2013,4443.000,4445.000,4379.000,4431.000,1801590
09/16/2013,4405.000,4478.000,4401.000,4443.000,2244402
09/17/2013,4422.000,4443.000,4413.000,4420.000,1389834
09/23/2013,4391.000,4438.000,4388.000,4420.000,1689514
09/24/2013,4325.000,4418.000,4316.000,4410.000,1729324
09/25/2013,4383.000,4443.000,4383.000,4424.000,1675110
09/26/2013,4432.000,4433.000,4391.000,4398.000,1375510
09/27/2013,4410.000,4418.000,4395.000,4406.000,859380
09/30/2013,4410.000,4418.000,4374.000,4400.000,1342150
10/02/2013,4400.000,4400.000,4400.000,4400.000,1342100
10/08/2013,4532.000,4553.000,4525.000,4537.000,1128302
10/09/2013,4438.000,4466.000,4423.000,4440.000,1134362
10/10/2013,4443.000,4454.000,4434.000,4438.000,800958
10/11/2013,4305.000,4325.000,4305.000,4319.000,1107298
10/14/2013,4355.000,4361.000,4331.000,4333.000,980120
10/15/2013,4247.000,4320.000,4246.000,4314.000,1715818
10/16/2013,4324.000,4349.000,4294.000,4330.000,1932908
10/17/2013,4410.000,4419.000,4387.000,4408.000,1476052
10/18/2013,4430.000,4444.000,4413.000,4416.000,733990
10/21/2013,4497.000,4517.000,4490.000,4501.000,909704
10/22/2013,4518.000,4601.000,4513.000,4592.000,1973996
10/23/2013,4585.000,4590.000,4550.000,4559.000,1219002
10/24/2013,4581.000,4595.000,4574.000,4588.000,940748
10/25/2013,4508.000,4555.000,4482.000,4526.000,1480964
10/28/2013,4517.000,4534.000,4506.000,4517.000,1091876
10/29/2013,4520.000,4534.000,4516.000,4520.000,926256
10/30/2013,4600.000,4636.000,4507.000,4516.000,1669186
10/31/2013,4395.000,4434.000,4392.000,4412.000,1056534
11/01/2013,4401.000,4413.000,4386.000,4391.000,896924
11/04/2013,4400.000,4413.000,4368.000,4368.000,637804
11/05/2013,4380.000,4388.000,4361.000,4369.000,623284
11/06/2013,4420.000,4425.000,4386.000,4395.000,656376
11/07/2013,4434.000,4438.000,4310.000,4376.000,1544056
11/08/2013,4387.000,4419.000,4313.000,4323.000,1701060
11/11/2013,4321.000,4332.000,4316.000,4319.000,525838
11/12/2013,4300.000,4309.000,4240.000,4241.000,954444
11/13/2013,4245.000,4245.000,4205.000,4210.000,1066400
11/14/2013,4243.000,4273.000,4229.000,4259.000,1196494
11/15/2013,4245.000,4253.000,4235.000,4249.000,608874
11/18/2013,4220.000,4232.000,4202.000,4204.000,705554
11/19/2013,4200.000,4213.000,4184.000,4197.000,852698
11/20/2013,4202.000,4220.000,4188.000,4199.000,967892
11/21/2013,4155.000,4159.000,4133.000,4152.000,691138
11/22/2013,4150.000,4165.000,4145.000,4147.000,476252
11/25/2013,4117.000,4123.000,4096.000,4122.000,530968
11/26/2013,4172.000,4183.000,4155.000,4161.000,231800
11/27/2013,4173.000,4185.000,4135.000,4139.000,453462
11/28/2013,4152.000,4158.000,4151.000,4154.000,206292
11/29/2013,4200.000,4200.000,4181.000,4184.000,461112
12/02/2013,4146.000,4151.000,4100.000,4103.000,703800
12/03/2013,4074.000,4079.000,4049.000,4063.000,908646
12/04/2013,4082.000,4150.000,4063.000,4148.000,1432900
12/05/2013,4095.000,4143.000,4075.000,4126.000,1529494
12/06/2013,4116.000,4181.000,4083.000,4139.000,2457770
12/09/2013,4153.000,4180.000,4152.000,4175.000,946664
12/10/2013,4251.000,4294.000,4248.000,4271.000,1599486
12/11/2013,4267.000,4310.000,4265.000,4290.000,1408176
12/12/2013,4193.000,4203.000,4132.000,4133.000,2093722
12/13/2013,4118.000,4144.000,4105.000,4131.000,1657150
12/16/2013,4128.000,4251.000,4126.000,4211.000,2335916
12/17/2013,4196.000,4247.000,4152.000,4196.000,2876654
12/18/2013,4201.000,4234.000,4201.000,4226.000,1660682
12/19/2013,4080.000,4092.000,4055.000,4068.000,1890866
12/20/2013,4065.000,4130.000,4055.000,4110.000,1734520
12/23/2013,4114.000,4125.000,4088.000,4088.000,1206502
12/24/2013,4084.000,4113.000,4078.000,4094.000,1001508
12/25/2013,4106.000,4111.000,4090.000,4098.000,532204
12/26/2013,4104.000,4187.000,4101.000,4147.000,1933628
12/27/2013,4184.000,4233.000,4173.000,4218.000,1875200
12/30/2013,4140.000,4174.000,4130.000,4146.000,1563264
12/31/2013,4140.000,4174.000,4079.000,4099.000,2712884
01/02/2014,4196.000,4213.000,4175.000,4197.000,1479206
01/03/2014,4215.000,4215.000,4181.000,4203.000,1205758
01/06/2014,4181.000,4225.000,4171.000,4191.000,1882328
01/07/2014,4170.000,4187.000,4101.000,4133.000,2315210
01/08/2014,4100.000,4117.000,4010.000,4037.000,2453224
01/09/2014,4062.000,4074.000,4026.000,4069.000,2183462
01/10/2014,4098.000,4166.000,4054.000,4162.000,3010396
01/13/2014,4135.000,4188.000,4096.000,4183.000,2496144
01/14/2014,4167.000,4212.000,4138.000,4157.000,3066214
01/15/2014,4118.000,4160.000,4107.000,4143.000,2293810
01/16/2014,4125.000,4163.000,4120.000,4136.000,1645532
01/17/2014,4151.000,4178.000,4146.000,4165.000,1471700
01/20/2014,4185.000,4193.000,4169.000,4173.000,726310
01/21/2014,4102.000,4115.000,4071.000,4100.000,1717860
01/22/2014,4099.000,4106.000,4087.000,4096.000,861744
01/23/2014,4123.000,4155.000,4112.000,4122.000,2026700
01/24/2014,4159.000,4164.000,4079.000,4091.000,1579372
01/27/2014,4100.000,4115.000,4077.000,4107.000,1404302
01/28/2014,4101.000,4103.000,4064.000,4080.000,1027014
01/29/2014,4098.000,4112.000,4080.000,4089.000,785548
01/30/2014,4098.000,4112.000,4040.000,4061.000,1210638
02/07/2014,4100.000,4130.000,4080.000,4098.000,1176170
02/10/2014,4168.000,4176.000,4125.000,4132.000,1164140
02/11/2014,4150.000,4154.000,4103.000,4135.000,1827906
02/12/2014,4150.000,4157.000,4134.000,4149.000,1254502
02/13/2014,4144.000,4150.000,4135.000,4145.000,976200
02/14/2014,4305.000,4366.000,4285.000,4355.000,1824830
02/17/2014,4441.000,4483.000,4421.000,4464.000,1809974
02/18/2014,4399.000,4469.000,4385.000,4467.000,2625008
02/19/2014,4439.000,4462.000,4426.000,4446.000,1974854
02/20/2014,4383.000,4418.000,4371.000,4399.000,1863628
02/21/2014,4407.000,4425.000,4393.000,4418.000,1710344
02/24/2014,4450.000,4461.000,4423.000,4454.000,2223054
02/25/2014,4400.000,4433.000,4383.000,4424.000,2054704
02/26/2014,4387.000,4387.000,4296.000,4312.000,2949600
02/27/2014,4305.000,4325.000,4272.000,4295.000,2289372
02/28/2014,4296.000,4309.000,4275.000,4280.000,1511386
03/03/2014,4325.000,4357.000,4324.000,4334.000,1627494
03/04/2014,4270.000,4292.000,4262.000,4291.000,1771474
03/05/2014,4287.000,4304.000,4278.000,4287.000,1255988
03/06/2014,4278.000,4354.000,4275.000,4335.000,1849022
03/07/2014,4305.000,4322.000,4184.000,4209.000,2806366
03/10/2014,4193.000,4195.000,4172.000,4177.000,1188208
03/11/2014,4234.000,4242.000,4150.000,4185.000,2076888
03/12/2014,4241.000,4302.000,4229.000,4279.000,1963096
03/13/2014,4246.000,4286.000,4240.000,4260.000,1592702
03/14/2014,4365.000,4388.000,4286.000,4306.000,2095112
03/17/2014,4299.000,4308.000,4272.000,4277.000,1351640
03/18/2014,4160.000,4218.000,4156.000,4213.000,1556938
03/19/2014,4186.000,4247.000,4164.000,4206.000,2480174
03/20/2014,4135.000,4183.000,4131.000,4172.000,1428988
03/21/2014,4185.000,4196.000,4168.000,4182.000,843868
03/24/2014,4147.000,4153.000,4115.000,4124.000,1244396
03/25/2014,4138.000,4161.000,4134.000,4140.000,1015968
03/26/2014,4150.000,4155.000,4121.000,4126.000,1242832
03/27/2014,4122.000,4134.000,4112.000,4125.000,953776
03/28/2014,4134.000,4158.000,4131.000,4140.000,909724
03/31/2014,4131.000,4146.000,4128.000,4132.000,725452
04/01/2014,4122.000,4129.000,4110.000,4113.000,600520
04/02/2014,4145.000,4148.000,4134.000,4135.000,641756
04/03/2014,4116.000,4126.000,4112.000,4117.000,522678
04/04/2014,4116.000,4126.000,4112.000,4121.000,742022
04/08/2014,4170.000,4177.000,4165.000,4168.000,517120
04/09/2014,4100.000,4152.000,4099.000,4151.000,734682
04/10/2014,4174.000,4176.000,4152.000,4163.000,693182
04/11/2014,4148.000,4159.000,4145.000,4146.000,462448
04/14/2014,4151.000,4167.000,4151.000,4155.000,456208
04/15/2014,4050.000,4078.000,4050.000,4071.000,937326
04/16/2014,4082.000,4084.000,4068.000,4073.000,560808
04/17/2014,4064.000,4068.000,4055.000,4060.000,380720
04/18/2014,4051.000,4056.000,4048.000,4055.000,86726
04/21/2014,4001.000,4007.000,3989.000,3994.000,516450
04/22/2014,4009.000,4014.000,3996.000,4007.000,541650
04/23/2014,4016.000,4023.000,4012.000,4015.000,319420
04/24/2014,3996.000,4177.000,3993.000,4102.000,1720538
04/25/2014,4085.000,4120.000,4079.000,4097.000,1050860
04/28/2014,4117.000,4118.000,4077.000,4094.000,837444
04/29/2014,4080.000,4091.000,4076.000,4083.000,430732
04/30/2014,4080.000,4091.000,4055.000,4065.000,758010
05/05/2014,4108.000,4113.000,4089.000,4092.000,347702
05/06/2014,4101.000,4105.000,4093.000,4095.000,310128
05/07/2014,4089.000,4092.000,4056.000,4059.000,549980
05/08/2014,4045.000,4054.000,4042.000,4045.000,316226
05/09/2014,4056.000,4070.000,4038.000,4049.000,172008
05/12/2014,4119.000,4135.000,4102.000,4111.000,328632
05/13/2014,4109.000,4114.000,4103.000,4108.000,198766
05/14/2014,4165.000,4169.000,4128.000,4138.000,445312
05/15/2014,4115.000,4123.000,4102.000,4108.000,442432
05/16/2014,4080.000,4097.000,4078.000,4083.000,320364
05/19/2014,4126.000,4128.000,4087.000,4094.000,472264
05/20/2014,4082.000,4121.000,4077.000,4106.000,677702
05/21/2014,4098.000,4116.000,4094.000,4114.000,513652
05/22/2014,4144.000,4145.000,4117.000,4122.000,534730
05/23/2014,4122.000,4129.000,4115.000,4117.000,282300
05/26/2014,4123.000,4126.000,4116.000,4118.000,141442
05/27/2014,4066.000,4076.000,4058.000,4065.000,597792
05/28/2014,4071.000,4073.000,4053.000,4066.000,435606
05/29/2014,4024.000,4049.000,4023.000,4037.000,511598
05/30/2014,4024.000,4057.000,4023.000,4055.000,837394
06/03/2014,4029.000,4031.000,4019.000,4027.000,364720
06/04/2014,4039.000,4049.000,4035.000,4039.000,348072
06/05/2014,4072.000,4074.000,4055.000,4067.000,466826
06/06/2014,4066.000,4073.000,4031.000,4053.000,578384
06/09/2014,4063.000,4064.000,4050.000,4051.000,204534
06/10/2014,4063.000,4064.000,4046.000,4053.000,384502
06/11/2014,4058.000,4080.000,4056.000,4074.000,459270
06/12/2014,4077.000,4077.000,4049.000,4058.000,423912
06/13/2014,4062.000,4130.000,4058.000,4121.000,1013246
06/16/2014,4114.000,4182.000,4104.000,4156.000,929098
06/17/2014,4150.000,4151.000,4106.000,4118.000,859212
06/18/2014,4114.000,4144.000,4110.000,4125.000,701454
06/19/2014,4125.000,4175.000,4123.000,4164.000,908184
06/20/2014,4192.000,4368.000,4188.000,4335.000,3435902
06/23/2014,4338.000,4392.000,4328.000,4357.000,2187908
06/24/2014,4373.000,4373.000,4335.000,4360.000,1345170
06/25/2014,4379.000,4390.000,4306.000,4339.000,1907538
06/26/2014,4348.000,4378.000,4328.000,4335.000,1363994
06/27/2014,4343.000,4384.000,4333.000,4346.000,1384210
06/30/2014,4350.000,4366.000,4302.000,4319.000,1051206
07/01/2014,4315.000,4368.000,4307.000,4332.000,1168864
07/02/2014,4338.000,4360.000,4321.000,4342.000,1038612
07/03/2014,4342.000,4369.000,4315.000,4328.000,1266292
07/04/2014,4335.000,4358.000,4327.000,4353.000,1045254
07/07/2014,4347.000,4356.000,4260.000,4286.000,860316
07/08/2014,4296.000,4315.000,4277.000,4310.000,755290
07/09/2014,4318.000,4334.000,4292.000,4323.000,1055534
07/10/2014,4331.000,4360.000,4298.000,4334.000,1112624
07/11/2014,4374.000,4425.000,4370.000,4421.000,1360226
07/14/2014,4413.000,4420.000,4347.000,4353.000,965344
07/15/2014,4340.000,4340.000,4307.000,4327.000,864812
07/16/2014,4327.000,4345.000,4282.000,4298.000,1208670
07/17/2014,4305.000,4322.000,4291.000,4312.000,642114
07/18/2014,4311.000,4371.000,4303.000,4337.000,1039886
07/21/2014,4315.000,4336.000,4293.000,4335.000,761380
07/22/2014,4341.000,4342.000,4315.000,4328.000,674040
07/23/2014,4338.000,4360.000,4323.000,4341.000,837118
07/24/2014,4345.000,4350.000,4300.000,4321.000,711982
07/25/2014,4325.000,4327.000,4251.000,4270.000,1405948
07/28/2014,4277.000,4330.000,4258.000,4296.000,905170
07/29/2014,4299.000,4301.000,4281.000,4292.000,585510
07/30/2014,4311.000,4313.000,4270.000,4289.000,736204
07/31/2014,4289.000,4309.000,4274.000,4307.000,649986
08/01/2014,4295.000,4296.000,4265.000,4275.000,773312
08/04/2014,4290.000,4313.000,4276.000,4289.000,745478
08/05/2014,4288.000,4295.000,4243.000,4274.000,714512
08/06/2014,4258.000,4258.000,4205.000,4212.000,1182886
08/07/2014,4230.000,4255.000,4227.000,4237.000,781926
08/08/2014,4230.000,4261.000,4218.000,4253.000,793116
08/11/2014,4233.000,4243.000,4221.000,4229.000,586666
08/12/2014,4240.000,4245.000,4231.000,4238.000,412464
08/13/2014,4248.000,4250.000,4215.000,4237.000,506238
08/14/2014,4238.000,4241.000,4194.000,4215.000,685780
08/15/2014,4213.000,4227.000,4206.000,4216.000,453006
08/18/2014,4154.000,4187.000,4113.000,4133.000,1198662
08/19/2014,4139.000,4142.000,4122.000,4122.000,373316
08/20/2014,4119.000,4120.000,4075.000,4108.000,795890
08/21/2014,4108.000,4135.000,4084.000,4098.000,758432
08/22/2014,4094.000,4134.000,4091.000,4122.000,508332
08/25/2014,4110.000,4129.000,4103.000,4114.000,556536
08/26/2014,4114.000,4149.000,4102.000,4146.000,474272
08/27/2014,4155.000,4158.000,4116.000,4132.000,537758
08/28/2014,4135.000,4175.000,4111.000,4169.000,666712
08/29/2014,4179.000,4179.000,4148.000,4162.000,608892
09/01/2014,4159.000,4174.000,4140.000,4152.000,446122
09/02/2014,4140.000,4155.000,4119.000,4123.000,366706
09/03/2014,4102.000,4116.000,4094.000,4111.000,602166
09/04/2014,4103.000,4119.000,4102.000,4108.000,291490
09/05/2014,4111.000,4142.000,4089.000,4105.000,619874
09/09/2014,4100.000,4108.000,4082.000,4092.000,189744
09/10/2014,4090.000,4124.000,4069.000,4114.000,621716
09/11/2014,4103.000,4115.000,4088.000,4098.000,491756
09/12/2014,4078.000,4087.000,4018.000,4057.000,1003966
09/15/2014,4046.000,4062.000,4025.000,4058.000,581616
09/16/2014,4051.000,4096.000,4044.000,4066.000,550474
09/17/2014,4065.000,4089.000,4062.000,4081.000,540762
09/18/2014,4075.000,4102.000,4039.000,4045.000,514266
09/19/2014,4028.000,4088.000,4022.000,4053.000,826186
09/22/2014,4057.000,4063.000,3810.000,3810.000,2427488
09/23/2014,3817.000,3835.000,3762.000,3777.000,1902036
09/24/2014,3799.000,3832.000,3782.000,3808.000,957134
09/25/2014,3785.000,3807.000,3725.000,3751.000,1781956
09/26/2014,3750.000,3856.000,3724.000,3822.000,1582578
09/29/2014,3792.000,3847.000,3780.000,3816.000,903886
09/30/2014,3820.000,3853.000,3814.000,3829.000,537308
10/08/2014,3800.000,3989.000,3800.000,3855.000,100
10/09/2014,3803.000,3850.000,3780.000,3836.000,1040930
10/10/2014,3832.000,3893.000,3813.000,3822.000,1334068
10/13/2014,3827.000,3876.000,3805.000,3858.000,1121592
10/14/2014,3838.000,3860.000,3828.000,3845.000,667994
10/15/2014,3852.000,3860.000,3793.000,3795.000,947016
10/16/2014,3828.000,3888.000,3821.000,3832.000,1609622
10/17/2014,3820.000,3842.000,3792.000,3824.000,1147472
10/20/2014,3817.000,3834.000,3805.000,3832.000,794282
10/21/2014,3836.000,3847.000,3825.000,3840.000,716048
10/22/2014,3860.000,3866.000,3832.000,3843.000,760392
10/23/2014,3805.000,3818.000,3787.000,3799.000,930950
10/24/2014,3801.000,3810.000,3783.000,3809.000,743580
10/27/2014,3807.000,3815.000,3786.000,3789.000,683730
10/28/2014,3793.000,3809.000,3776.000,3791.000,686952
10/29/2014,3813.000,3822.000,3791.000,3807.000,588402
10/30/2014,3791.000,3815.000,3708.000,3720.000,1240642
10/31/2014,3670.000,3690.000,3584.000,3584.000,2100408
11/03/2014,3510.000,3515.000,3433.000,3463.000,1936994
11/04/2014,3480.000,3494.000,3449.000,3465.000,887822
11/05/2014,3458.000,3470.000,3325.000,3335.000,1229546
11/06/2014,3218.000,3279.000,3203.000,3241.000,1051414
11/07/2014,3225.000,3258.000,3155.000,3240.000,1395618
11/10/2014,3244.000,3362.000,3236.000,3324.000,2389448
11/11/2014,3301.000,3332.000,3290.000,3305.000,1633212
11/12/2014,3305.000,3357.000,3305.000,3344.000,1184294
11/13/2014,3325.000,3350.000,3305.000,3325.000,1258154
11/14/2014,3335.000,3354.000,3222.000,3243.000,1998724
11/17/2014,3248.000,3456.000,3225.000,3440.000,4392426
11/18/2014,3423.000,3455.000,3397.000,3427.000,2361452
11/19/2014,3435.000,3446.000,3406.000,3429.000,1719892
11/20/2014,3426.000,3487.000,3353.000,3405.000,3399466
11/21/2014,3417.000,3432.000,3395.000,3429.000,1808744
11/24/2014,3453.000,3503.000,3437.000,3452.000,2460648
11/25/2014,3443.000,3473.000,3437.000,3472.000,1145936
11/26/2014,3477.000,3483.000,3436.000,3462.000,1897038
11/27/2014,3454.000,3462.000,3392.000,3436.000,1647784
11/28/2014,3429.000,3430.000,3364.000,3375.000,1301338
12/01/2014,3370.000,3384.000,3229.000,3229.000,2265360
12/02/2014,3285.000,3548.000,3283.000,3455.000,5362976
12/03/2014,3415.000,3496.000,3408.000,3462.000,4649196
12/04/2014,3465.000,3497.000,3449.000,3481.000,2372274
12/05/2014,3477.000,3538.000,3450.000,3501.000,3211152
12/08/2014,3500.000,3529.000,3435.000,3464.000,3172562
12/09/2014,3466.000,3505.000,3442.000,3502.000,1853536
12/10/2014,3536.000,3638.000,3534.000,3638.000,3439846
12/11/2014,3645.000,3720.000,3621.000,3636.000,4166320
12/12/2014,3645.000,3683.000,3628.000,3655.000,2379500
12/15/2014,3678.000,3689.000,3593.000,3648.000,2068550
12/16/2014,3620.000,3632.000,3472.000,3492.000,2285282
12/17/2014,3568.000,3577.000,3389.000,3442.000,4471222
12/18/2014,3440.000,3502.000,3371.000,3474.000,3447224
12/19/2014,3475.000,3514.000,3455.000,3472.000,1990538
12/22/2014,3466.000,3496.000,3458.000,3493.000,1675818
12/23/2014,3492.000,3492.000,3393.000,3414.000,2183162
12/24/2014,3397.000,3474.000,3366.000,3429.000,1978900
12/25/2014,3423.000,3428.000,3401.000,3414.000,935536
12/26/2014,3416.000,3464.000,3413.000,3450.000,680196
12/29/2014,3491.000,3497.000,3449.000,3475.000,1280768
12/30/2014,3462.000,3492.000,3428.000,3456.000,1554396
12/31/2014,3451.000,3580.000,3447.000,3522.000,2393764
01/05/2015,3498.000,3516.000,3478.000,3507.000,513798
01/06/2015,3490.000,3566.000,3462.000,3554.000,2199972
01/07/2015,3544.000,3596.000,3530.000,3554.000,1865876
01/08/2015,3540.000,3578.000,3537.000,3548.000,1434122
01/09/2015,3568.000,3586.000,3544.000,3555.000,1415890
01/12/2015,3545.000,3609.000,3520.000,3601.000,2522336
01/13/2015,3577.000,3645.000,3571.000,3616.000,1816952
01/14/2015,3635.000,3664.000,3570.000,3608.000,2630104
01/15/2015,3592.000,3642.000,3556.000,3573.000,2546564
01/16/2015,3635.000,3660.000,3613.000,3642.000,2161856
01/19/2015,3638.000,3783.000,3633.000,3767.000,3544420
01/20/2015,3770.000,3800.000,3745.000,3770.000,1461346
01/21/2015,3822.000,3919.000,3787.000,3890.000,2675070
01/22/2015,3887.000,3934.000,3798.000,3819.000,3079184
01/23/2015,3843.000,3886.000,3822.000,3859.000,2627510
01/26/2015,3865.000,3887.000,3814.000,3849.000,1834432
01/27/2015,3836.000,3841.000,3763.000,3815.000,1982320
01/28/2015,3815.000,3837.000,3793.000,3806.000,1463626
01/29/2015,3817.000,3820.000,3750.000,3766.000,1446720
01/30/2015,3713.000,3721.000,3564.000,3573.000,2849430
02/02/2015,3593.000,3671.000,3551.000,3632.000,2755340
02/03/2015,3620.000,3681.000,3603.000,3669.000,1905866
02/04/2015,3668.000,3675.000,3612.000,3645.000,2230030
02/05/2015,3654.000,3710.000,3649.000,3675.000,2235044
02/06/2015,3655.000,3677.000,3628.000,3673.000,1745320
02/09/2015,3675.000,3687.000,3566.000,3595.000,2979798
02/10/2015,3606.000,3630.000,3593.000,3618.000,1248764
02/11/2015,3607.000,3638.000,3590.000,3618.000,1462208
02/12/2015,3615.000,3621.000,3557.000,3585.000,1601470
02/13/2015,3599.000,3649.000,3582.000,3631.000,1544114
02/16/2015,3623.000,3700.000,3620.000,3686.000,1663548
02/17/2015,3676.000,3695.000,3655.000,3672.000,590260
02/25/2015,3553.000,3630.000,3535.000,3535.000,170
02/26/2015,3588.000,3612.000,3578.000,3601.000,795474
02/27/2015,3617.000,3628.000,3590.000,3606.000,956158
03/02/2015,3592.000,3647.000,3580.000,3631.000,1381658
03/03/2015,3624.000,3633.000,3488.000,3586.000,2033996
03/04/2015,3591.000,3608.000,3548.000,3558.000,1798608
03/05/2015,3560.000,3569.000,3516.000,3539.000,1485834
03/06/2015,3535.000,3560.000,3513.000,3532.000,1089368
03/09/2015,3524.000,3531.000,3434.000,3470.000,2174538
03/10/2015,3462.000,3468.000,3422.000,3424.000,1283922
03/11/2015,3443.000,3461.000,3433.000,3450.000,1099402
03/12/2015,3433.000,3460.000,3375.000,3453.000,2324538
03/13/2015,3439.000,3470.000,3425.000,3442.000,1316696
03/16/2015,3448.000,3479.000,3417.000,3469.000,1360990
03/17/2015,3455.000,3472.000,3428.000,3443.000,1220700
03/18/2015,3428.000,3458.000,3398.000,3420.000,1741986
03/20/2015,3492.000,3535.000,3491.000,3516.000,1391082
03/23/2015,3525.000,3655.000,3523.000,3624.000,2510520
03/24/2015,3649.000,3699.000,3646.000,3670.000,1815344
03/25/2015,3681.000,3692.000,3634.000,3652.000,1427656
03/26/2015,3690.000,3710.000,3651.000,3692.000,1511626
03/27/2015,3680.000,3686.000,3646.000,3667.000,1225598
03/30/2015,3669.000,3676.000,3612.000,3615.000,1551364
03/31/2015,3605.000,3615.000,3548.000,3556.000,1392912
04/01/2015,3580.000,3596.000,3543.000,3565.000,1166888
04/02/2015,3580.000,3630.000,3575.000,3619.000,1493140
04/03/2015,3592.000,3607.000,3563.000,3595.000,1151628
04/07/2015,3596.000,3630.000,3591.000,3613.000,336968
04/08/2015,3611.000,3624.000,3598.000,3616.000,677522
04/09/2015,3606.000,3616.000,3489.000,3504.000,1520726
04/10/2015,3496.000,3515.000,3470.000,3498.000,1064078
04/13/2015,3526.000,3565.000,3516.000,3536.000,1179612
04/14/2015,3533.000,3542.000,3479.000,3501.000,1048738
04/15/2015,3485.000,3536.000,3483.000,3510.000,1106310
04/16/2015,3508.000,3562.000,3503.000,3551.000,998014
04/17/2015,3560.000,3570.000,3510.000,3523.000,1217854
04/20/2015,3520.000,3555.000,3517.000,3553.000,814654
04/21/2015,3506.000,3513.000,3460.000,3486.000,1204686
04/22/2015,3493.000,3518.000,3481.000,3506.000,876500
04/23/2015,3497.000,3498.000,3443.000,3452.000,1418428
04/24/2015,3458.000,3488.000,3451.000,3475.000,1024546
04/27/2015,3465.000,3484.000,3427.000,3472.000,1321720
04/28/2015,3482.000,3609.000,3480.000,3598.000,2171488
04/29/2015,3626.000,3654.000,3583.000,3599.000,1607256
04/30/2015,3617.000,3648.000,3591.000,3599.000,1471756
05/04/2015,3540.000,3577.000,3515.000,3564.000,455382
05/05/2015,3580.000,3655.000,3566.000,3580.000,928228
05/06/2015,3617.000,3626.000,3590.000,3597.000,872114
05/07/2015,3670.000,3674.000,3609.000,3615.000,360026
05/08/2015,3593.000,3639.000,3583.000,3627.000,314788
05/11/2015,3633.000,3660.000,3609.000,3630.000,429510
05/12/2015,3635.000,3657.000,3573.000,3604.000,564326
05/13/2015,3635.000,3683.000,3612.000,3680.000,808636
05/14/2015,3788.000,3790.000,3722.000,3768.000,1579674
05/15/2015,3780.000,3808.000,3755.000,3784.000,1363988
05/18/2015,3781.000,3867.000,3770.000,3852.000,1328736
05/19/2015,3852.000,3859.000,3782.000,3802.000,1219326
05/20/2015,3770.000,3775.000,3644.000,3687.000,1786804
05/21/2015,3695.000,3734.000,3690.000,3716.000,1035726
05/22/2015,3691.000,3737.000,3683.000,3721.000,906614
05/25/2015,3705.000,3717.000,3670.000,3704.000,857864
05/26/2015,3700.000,3745.000,3654.000,3657.000,960868
05/27/2015,3634.000,3684.000,3625.000,3665.000,905320
05/28/2015,3643.000,3674.000,3633.000,3657.000,816096
05/29/2015,3661.000,3665.000,3621.000,3655.000,906320
06/01/2015,3660.000,3675.000,3641.000,3647.000,746350
06/02/2015,3654.000,3732.000,3648.000,3664.000,1595452
06/03/2015,3654.000,3695.000,3654.000,3668.000,898340
06/04/2015,3648.000,3664.000,3608.000,3619.000,1052946
06/05/2015,3605.000,3615.000,3560.000,3564.000,1178526
06/08/2015,3550.000,3582.000,3537.000,3572.000,1141656
06/09/2015,3564.000,3577.000,3550.000,3566.000,713624
06/10/2015,3572.000,3585.000,3553.000,3574.000,733544
06/11/2015,3595.000,3596.000,3556.000,3558.000,682574
06/12/2015,3569.000,3575.000,3520.000,3562.000,954912
06/15/2015,3540.000,3561.000,3532.000,3554.000,732592
06/16/2015,3548.000,3591.000,3545.000,3577.000,938338
06/17/2015,3567.000,3571.000,3526.000,3543.000,796382
06/18/2015,3550.000,3602.000,3537.000,3586.000,1195098
06/19/2015,3620.000,3630.000,3565.000,3573.000,1170000
06/23/2015,3529.000,3529.000,3473.000,3485.000,320
06/24/2015,3530.000,3540.000,3470.000,3505.000,1156272
06/25/2015,3501.000,3513.000,3485.000,3494.000,764046
06/26/2015,3490.000,3502.000,3451.000,3456.000,716220
06/29/2015,3465.000,3511.000,3438.000,3480.000,858156
06/30/2015,3489.000,3495.000,3393.000,3446.000,1020996
07/01/2015,3436.000,3491.000,3408.000,3437.000,1202886
07/02/2015,3438.000,3466.000,3417.000,3429.000,766544
07/03/2015,3456.000,3479.000,3439.000,3464.000,799520
07/06/2015,3473.000,3474.000,3423.000,3439.000,594826
07/07/2015,3439.000,3482.000,3415.000,3439.000,756348
07/08/2015,3416.000,3418.000,3236.000,3236.000,1890404
07/09/2015,3222.000,3428.000,3200.000,3381.000,1837522
07/10/2015,3390.000,3418.000,3363.000,3385.000,1114704
07/13/2015,3387.000,3425.000,3364.000,3384.000,951406
07/14/2015,3375.000,3383.000,3264.000,3348.000,1126164
07/15/2015,3355.000,3378.000,3339.000,3350.000,609924
07/16/2015,3330.000,3330.000,3274.000,3299.000,1076814
07/17/2015,3260.000,3330.000,3248.000,3282.000,834966
07/20/2015,3250.000,3274.000,3182.000,3259.000,1450470
07/21/2015,3238.000,3308.000,3225.000,3255.000,1513836
07/22/2015,3260.000,3290.000,3216.000,3241.000,1096848
07/23/2015,3235.000,3269.000,3227.000,3256.000,1013276
07/24/2015,3255.000,3267.000,3188.000,3219.000,1186810
07/27/2015,3200.000,3243.000,3150.000,3239.000,1497536
07/28/2015,3221.000,3241.000,3203.000,3221.000,1012566
07/29/2015,3221.000,3250.000,3218.000,3235.000,709150
07/30/2015,3233.000,3279.000,3215.000,3223.000,1242198
07/31/2015,3231.000,3255.000,3217.000,3219.000,864652
08/03/2015,3239.000,3285.000,3229.000,3246.000,1047254
08/04/2015,3234.000,3242.000,3168.000,3208.000,1031718
08/05/2015,3218.000,3222.000,3191.000,3199.000,629832
08/06/2015,3215.000,3226.000,3191.000,3208.000,656680
08/07/2015,3200.000,3247.000,3198.000,3242.000,751408
08/10/2015,3218.000,3274.000,3212.000,3263.000,1336552
08/11/2015,3258.000,3389.000,3257.000,3361.000,2547806
08/12/2015,3378.000,3534.000,3359.000,3526.000,2777698
08/13/2015,3556.000,3563.000,3485.000,3513.000,2347042
08/14/2015,3493.000,3513.000,3481.000,3501.000,1231488
08/17/2015,3505.000,3535.000,3430.000,3460.000,2054958
08/18/2015,3465.000,3476.000,3443.000,3448.000,923578
08/19/2015,3420.000,3424.000,3365.000,3419.000,1519740
08/20/2015,3414.000,3505.000,3411.000,3485.000,1710848
08/21/2015,3502.000,3544.000,3489.000,3499.000,1887490
08/24/2015,3490.000,3506.000,3414.000,3427.000,2584172
08/25/2015,3355.000,3444.000,3345.000,3367.000,2473734
08/26/2015,3399.000,3412.000,3316.000,3318.000,1849336
08/27/2015,3275.000,3293.000,3236.000,3280.000,1569900
08/28/2015,3260.000,3366.000,3255.000,3339.000,1953862
08/31/2015,3326.000,3369.000,3307.000,3332.000,1509230
09/01/2015,3321.000,3360.000,3301.000,3333.000,1042540
09/02/2015,3332.000,3363.000,3316.000,3324.000,1053868
09/03/2015,3332.000,3363.000,3316.000,3334.000,1053800
09/07/2015,3290.000,3290.000,3280.000,3280.000,480
09/08/2015,3315.000,3326.000,3295.000,3323.000,790686
09/09/2015,3345.000,3395.000,3327.000,3332.000,1826396
09/10/2015,3333.000,3339.000,3305.000,3333.000,1121444
09/11/2015,3338.000,3358.000,3321.000,3328.000,1069886
09/14/2015,3315.000,3329.000,3271.000,3302.000,1431436
09/15/2015,3291.000,3305.000,3284.000,3287.000,741524
09/16/2015,3294.000,3315.000,3274.000,3307.000,812624
09/17/2015,3348.000,3381.000,3337.000,3366.000,1438078
09/18/2015,3364.000,3448.000,3355.000,3394.000,1679856
09/21/2015,3450.000,3453.000,3390.000,3419.000,1103882
09/22/2015,3408.000,3426.000,3402.000,3407.000,436048
09/23/2015,3350.000,3373.000,3340.000,3357.000,633094
09/24/2015,3362.000,3381.000,3350.000,3368.000,401002
09/25/2015,3360.000,3417.000,3357.000,3391.000,787468
09/28/2015,3390.000,3400.000,3352.000,3354.000,217100
09/29/2015,3324.000,3327.000,3273.000,3286.000,641526
09/30/2015,3305.000,3316.000,3290.000,3292.000,365528
10/08/2015,3525.000,3525.000,3433.000,3433.000,244
10/09/2015,3430.000,3485.000,3429.000,3469.000,733804
10/12/2015,3493.000,3496.000,3451.000,3489.000,705888
10/13/2015,3486.000,3501.000,3432.000,3448.000,621122
10/14/2015,3457.000,3494.000,3450.000,3478.000,667046
10/15/2015,3479.000,3508.000,3474.000,3477.000,720162
10/16/2015,3468.000,3483.000,3449.000,3449.000,622714
10/19/2015,3460.000,3475.000,3428.000,3435.000,546388
10/20/2015,3440.000,3460.000,3414.000,3440.000,512586
10/21/2015,3439.000,3454.000,3414.000,3418.000,595040
10/22/2015,3424.000,3435.000,3402.000,3433.000,577678
10/23/2015,3424.000,3469.000,3416.000,3468.000,713716
10/26/2015,3468.000,3468.000,3420.000,3435.000,573794
10/27/2015,3438.000,3447.000,3424.000,3438.000,397592
10/28/2015,3428.000,3462.000,3423.000,3453.000,522540
10/29/2015,3467.000,3515.000,3432.000,3437.000,1311832
10/30/2015,3425.000,3435.000,3396.000,3406.000,767574
11/02/2015,3388.000,3404.000,3383.000,3390.000,388510
11/03/2015,3387.000,3392.000,3368.000,3385.000,328622
11/04/2015,3377.000,3382.000,3353.000,3364.000,384406
11/05/2015,3367.000,3377.000,3313.000,3318.000,491200
11/06/2015,3315.000,3329.000,3300.000,3323.000,409690
11/09/2015,3325.000,3332.000,3262.000,3288.000,654342
11/10/2015,3289.000,3289.000,3241.000,3258.000,436342
11/11/2015,3252.000,3271.000,3231.000,3262.000,416942
11/12/2015,3259.000,3259.000,3234.000,3255.000,269162
11/13/2015,3244.000,3275.000,3226.000,3250.000,565376
11/16/2015,3248.000,3284.000,3243.000,3278.000,447840
11/17/2015,3338.000,3340.000,3262.000,3280.000,229662
11/18/2015,3281.000,3305.000,3263.000,3286.000,195064
11/19/2015,3278.000,3294.000,3251.000,3288.000,257330
11/20/2015,3273.000,3311.000,3260.000,3296.000,328086
11/23/2015,3300.000,3309.000,3170.000,3220.000,760626
11/24/2015,3209.000,3237.000,3184.000,3223.000,679588
11/25/2015,3231.000,3273.000,3218.000,3248.000,722136
11/26/2015,3234.000,3288.000,3216.000,3258.000,737932
11/27/2015,3267.000,3280.000,3218.000,3229.000,618388
11/30/2015,3234.000,3239.000,3185.000,3202.000,741960
12/01/2015,3218.000,3248.000,3209.000,3241.000,545874
12/02/2015,3240.000,3253.000,3226.000,3236.000,434892
12/03/2015,3231.000,3233.000,3178.000,3206.000,652470
12/04/2015,3220.000,3401.000,3213.000,3235.000,692076
12/07/2015,3240.000,3332.000,3224.000,3320.000,1466624
12/08/2015,3317.000,3324.000,3262.000,3281.000,645200
12/09/2015,3261.000,3287.000,3252.000,3278.000,513700
12/10/2015,3289.000,3309.000,3265.000,3274.000,617060
12/11/2015,3273.000,3281.000,3246.000,3279.000,435214
12/14/2015,3246.000,3279.000,3242.000,3260.000,732324
12/15/2015,3236.000,3273.000,3235.000,3241.000,616174
12/16/2015,3245.000,3259.000,3237.000,3252.000,349370
12/17/2015,3257.000,3307.000,3254.000,3269.000,805940
12/18/2015,3273.000,3282.000,3222.000,3254.000,728054
12/21/2015,3258.000,3309.000,3248.000,3308.000,791942
12/22/2015,3295.000,3328.000,3290.000,3314.000,650614
12/23/2015,3316.000,3337.000,3301.000,3305.000,497198
12/24/2015,3307.000,3324.000,3301.000,3319.000,367008
12/25/2015,3315.000,3330.000,3314.000,3329.000,216172
12/28/2015,3329.000,3343.000,3300.000,3304.000,315352
12/29/2015,3294.000,3315.000,3283.000,3313.000,375754
12/30/2015,3309.000,3322.000,3301.000,3309.000,425540
12/31/2015,3296.000,3305.000,3287.000,3290.000,385684
01/04/2016,3302.000,3312.000,3250.000,3305.000,310492
01/05/2016,3303.000,3330.000,3294.000,3313.000,574222
01/06/2016,3315.000,3321.000,3296.000,3314.000,409052
01/07/2016,3320.000,3385.000,3308.000,3357.000,976372
01/08/2016,3360.000,3390.000,3345.000,3356.000,759474
01/11/2016,3343.000,3362.000,3322.000,3349.000,566072
01/12/2016,3343.000,3350.000,3280.000,3288.000,492728
01/13/2016,3283.000,3288.000,3262.000,3274.000,330408
01/14/2016,3275.000,3325.000,3270.000,3312.000,643000
01/15/2016,3296.000,3309.000,3284.000,3294.000,416502
01/18/2016,3296.000,3323.000,3296.000,3301.000,534562
01/19/2016,3305.000,3321.000,3299.000,3317.000,295732
01/20/2016,3317.000,3334.000,3311.000,3315.000,434388
01/21/2016,3338.000,3340.000,3322.000,3331.000,399366
01/22/2016,3319.000,3330.000,3301.000,3323.000,458828
01/25/2016,3327.000,3354.000,3314.000,3323.000,585878
01/26/2016,3331.000,3361.000,3326.000,3360.000,518926
01/27/2016,3356.000,3378.000,3346.000,3365.000,544132
01/28/2016,3361.000,3374.000,3347.000,3352.000,358048
01/29/2016,3347.000,3357.000,3329.000,3333.000,392284
02/01/2016,3329.000,3348.000,3322.000,3343.000,333956
02/02/2016,3345.000,3356.000,3329.000,3338.000,304078
02/03/2016,3337.000,3353.000,3329.000,3341.000,315100
02/04/2016,3350.000,3394.000,3335.000,3388.000,737350
02/05/2016,3399.000,3422.000,3386.000,3389.000,474598
02/15/2016,3480.000,3500.000,3456.000,3470.000,389252
02/16/2016,3464.000,3474.000,3442.000,3463.000,356966
02/17/2016,3470.000,3473.000,3449.000,3466.000,300972
02/18/2016,3465.000,3472.000,3455.000,3455.000,250364
02/19/2016,3455.000,3478.000,3452.000,3472.000,288542
02/22/2016,3476.000,3484.000,3443.000,3446.000,406224
02/23/2016,3425.000,3452.000,3424.000,3444.000,313294
02/24/2016,3444.000,3455.000,3438.000,3441.000,273304
02/25/2016,3451.000,3478.000,3428.000,3433.000,675372
02/26/2016,3430.000,3432.000,3392.000,3408.000,523638
02/29/2016,3409.000,3409.000,3304.000,3312.000,776704
03/01/2016,3321.000,3355.000,3307.000,3346.000,468556
03/02/2016,3353.000,3359.000,3313.000,3330.000,488806
03/03/2016,3334.000,3364.000,3328.000,3347.000,486506
03/04/2016,3350.000,3434.000,3339.000,3426.000,779882
03/07/2016,3425.000,3516.000,3384.000,3481.000,1664662
03/08/2016,3497.000,3550.000,3426.000,3450.000,1323092
03/09/2016,3459.000,3466.000,3366.000,3396.000,793226
03/10/2016,3400.000,3420.000,3380.000,3391.000,579998
03/11/2016,3389.000,3475.000,3372.000,3434.000,997188
03/14/2016,3429.000,3448.000,3413.000,3433.000,559172
03/15/2016,3446.000,3484.000,3383.000,3395.000,874896
03/16/2016,3392.000,3406.000,3378.000,3404.000,353844
03/17/2016,3396.000,3458.000,3387.000,3438.000,472724
03/18/2016,3449.000,3543.000,3443.000,3521.000,1425298
03/21/2016,3505.000,3508.000,3457.000,3470.000,741118
03/22/2016,3470.000,3520.000,3469.000,3516.000,568930
03/23/2016,3510.000,3515.000,3463.000,3469.000,627798
03/24/2016,3431.000,3434.000,3405.000,3409.000,685476
03/25/2016,3420.000,3425.000,3401.000,3410.000,293002
03/28/2016,3404.000,3420.000,3400.000,3406.000,256618
03/29/2016,3416.000,3428.000,3390.000,3393.000,349684
03/30/2016,3392.000,3433.000,3392.000,3424.000,522622
03/31/2016,3415.000,3428.000,3395.000,3406.000,345438
04/01/2016,3431.000,3436.000,3410.000,3421.000,392956
04/05/2016,3335.000,3378.000,3332.000,3336.000,296
04/06/2016,3384.000,3387.000,3367.000,3371.000,217914
04/07/2016,3357.000,3387.000,3355.000,3377.000,267182
04/08/2016,3394.000,3405.000,3378.000,3380.000,283456
04/11/2016,3386.000,3429.000,3381.000,3418.000,408412
04/12/2016,3448.000,3471.000,3441.000,3467.000,587910
04/13/2016,3489.000,3507.000,3472.000,3483.000,713772
04/14/2016,3491.000,3528.000,3465.000,3485.000,703608
04/15/2016,3492.000,3506.000,3476.000,3492.000,399568
04/18/2016,3488.000,3535.000,3472.000,3484.000,733228
04/19/2016,3505.000,3656.000,3490.000,3646.000,949978
04/20/2016,3689.000,3755.000,3650.000,3679.000,1648032
04/21/2016,3701.000,3849.000,3689.000,3811.000,1587208
04/22/2016,3862.000,3877.000,3668.000,3708.000,1490126
