04/16/2010,3450.0,3488.0,3413.2,3415.6,48988,0
04/19/2010,3396.0,3398.0,3166.2,3197.4,109733,3954
04/20/2010,3209.2,3240.0,3168.8,3214.6,141862,4496
04/21/2010,3215.0,3281.2,3208.0,3267.2,114531,5062
04/22/2010,3260.2,3274.4,3211.0,3236.2,133247,5383
04/23/2010,3241.0,3266.0,3221.0,3221.2,116981,5808
04/26/2010,3243.0,3252.0,3211.8,3219.6,112229,5808
04/27/2010,3201.2,3205.0,3107.6,3138.8,139961,7386
04/28/2010,3101.6,3142.6,3094.2,3129.0,128530,7092
04/29/2010,3141.0,3157.6,3082.2,3083.8,116254,8705
04/30/2010,3103.0,3119.6,3043.0,3107.0,184157,8297
05/04/2010,3079.8,3094.4,3060.8,3076.4,150123,8261
05/05/2010,3046.4,3087.0,3031.0,3076.4,145542,8261
05/06/2010,3078.6,3083.4,2953.6,2967.4,170221,10150
05/07/2010,2928.0,2959.8,2862.2,2897.6,240106,8282
05/10/2010,2910.0,2931.0,2870.0,2918.0,201919,9873
05/11/2010,2949.0,2957.8,2797.2,2801.6,224626,8987
05/12/2010,2809.0,2855.0,2782.0,2836.2,273131,8144
05/13/2010,2847.8,2915.6,2823.0,2894.6,217422,8276
05/14/2010,2880.0,2894.8,2850.4,2862.6,185453,6237
05/17/2010,2840.0,2840.2,2708.0,2719.0,117625,4126
05/18/2010,2717.0,2808.0,2703.0,2779.0,40298,1924
05/19/2010,2779.2,2859.0,2734.2,2784.8,340531,12817
05/20/2010,2801.0,2844.8,2742.2,2763.2,293133,14774
05/21/2010,2702.0,2802.8,2677.0,2801.0,307325,13329
05/24/2010,2814.0,2933.4,2808.0,2902.0,300512,15770
05/25/2010,2880.0,2889.2,2811.0,2813.2,288927,15770
05/26/2010,2846.2,2878.8,2817.6,2839.6,326246,15219
05/27/2010,2825.0,2909.8,2790.0,2901.4,325500,16397
05/28/2010,2930.0,2942.0,2853.0,2865.2,306690,16764
05/31/2010,2850.0,2898.8,2786.2,2792.0,337678,18662
06/01/2010,2780.0,2820.6,2732.0,2762.0,420130,17746
06/02/2010,2758.0,2781.4,2718.2,2776.4,343923,18691
06/03/2010,2799.8,2807.0,2741.0,2748.0,342961,18712
06/04/2010,2740.0,2767.8,2722.2,2761.0,324387,16354
06/07/2010,2700.0,2718.0,2680.0,2706.2,289681,16354
06/08/2010,2709.8,2726.0,2683.0,2724.4,225087,16526
06/09/2010,2720.4,2808.0,2700.4,2788.8,314559,16740
06/10/2010,2776.0,2791.0,2763.0,2769.6,232630,14040
06/11/2010,2788.0,2796.8,2765.0,2765.8,169575,10034
06/17/2010,2779.0,2784.4,2743.0,2744.2,29949,4417
06/18/2010,2762.4,2779.0,2705.8,2718.2,249981,19752
06/21/2010,2749.2,2816.6,2718.0,2804.8,277989,21545
06/22/2010,2795.6,2815.0,2793.2,2797.6,220831,19828
06/23/2010,2785.0,2801.6,2743.0,2765.2,238316,19132
06/24/2010,2771.0,2810.0,2750.0,2771.0,297949,18877
06/25/2010,2759.0,2772.8,2736.0,2753.8,249654,18599
06/28/2010,2751.6,2763.8,2731.4,2741.6,210541,20726
06/29/2010,2741.6,2746.8,2598.4,2600.4,298585,24070
06/30/2010,2580.0,2593.0,2563.0,2579.0,247753,21872
07/01/2010,2577.8,2584.6,2535.6,2545.2,243922,23657
07/02/2010,2550.0,2565.0,2478.8,2546.0,367858,24119
07/05/2010,2535.0,2549.6,2479.6,2530.6,359351,22692
07/06/2010,2521.4,2585.0,2511.2,2564.6,365680,22426
07/07/2010,2558.0,2582.0,2546.2,2568.4,318135,21290
07/08/2010,2591.0,2599.4,2562.0,2569.0,254951,21332
07/09/2010,2573.2,2668.0,2563.0,2650.0,327713,20855
07/12/2010,2652.0,2693.0,2647.2,2660.6,289268,19620
07/13/2010,2651.0,2653.0,2618.6,2626.0,269627,14223
07/14/2010,2640.0,2679.2,2630.0,2647.0,209930,10544
07/15/2010,2643.0,2695.0,2601.2,2604.0,79047,4004
07/16/2010,2613.0,2629.8,2588.0,2620.6,360667,20799
07/19/2010,2600.2,2715.2,2593.6,2697.6,379966,23283
07/20/2010,2702.0,2761.0,2700.4,2746.0,390979,22339
07/21/2010,2749.0,2758.4,2733.8,2744.4,308125,23282
07/22/2010,2740.0,2785.6,2736.2,2784.4,385991,24307
07/23/2010,2790.0,2800.8,2765.2,2783.6,326508,22706
07/26/2010,2792.0,2803.2,2769.2,2796.8,295351,24625
07/27/2010,2797.8,2799.8,2773.6,2778.0,298118,23121
07/28/2010,2780.2,2888.6,2775.2,2887.4,354307,26047
07/29/2010,2888.0,2896.0,2862.8,2876.8,274230,23700
07/30/2010,2873.0,2880.6,2855.2,2871.4,241645,22428
08/02/2010,2888.2,2950.8,2880.2,2926.4,288420,25621
08/03/2010,2928.0,2935.0,2849.0,2856.8,322000,22224
08/04/2010,2859.8,2892.0,2835.0,2873.8,382739,24218
08/05/2010,2872.8,2880.6,2821.8,2846.4,319116,21171
08/06/2010,2850.0,2923.6,2832.0,2920.0,322329,23732
08/09/2010,2917.0,2932.0,2891.4,2913.0,288638,21326
08/10/2010,2913.2,2920.6,2827.8,2837.0,324580,19506
08/11/2010,2839.0,2873.0,2825.0,2839.4,359463,18164
08/12/2010,2822.0,2868.8,2810.0,2826.8,337014,17863
08/13/2010,2826.0,2862.8,2810.2,2855.0,299186,17728
08/16/2010,2849.0,2943.0,2843.6,2927.6,269722,16892
08/17/2010,2933.0,2961.8,2928.8,2947.0,176759,10563
08/18/2010,2949.6,2968.2,2933.0,2945.8,54738,6117
08/19/2010,2965.0,3016.0,2952.2,2981.6,310102,28031
08/20/2010,2971.2,2979.6,2911.0,2921.8,320487,26394
08/23/2010,2920.6,2938.0,2896.4,2905.6,252178,27326
08/24/2010,2898.6,2958.8,2875.4,2914.0,340393,26470
08/25/2010,2911.0,2922.0,2852.8,2856.4,328356,26769
08/26/2010,2889.8,2894.0,2848.0,2865.8,273128,27851
08/27/2010,2862.0,2875.0,2848.2,2872.6,271393,25440
08/30/2010,2885.0,2948.8,2885.0,2930.2,258909,27880
08/31/2010,2918.0,2922.0,2903.0,2910.4,198508,26318
09/01/2010,2925.0,2956.2,2871.6,2890.2,310156,27086
09/02/2010,2920.0,2949.2,2912.2,2929.2,292539,25167
09/03/2010,2933.0,2939.6,2901.4,2933.0,265581,23587
09/06/2010,2948.0,2993.6,2948.0,2992.2,250197,26264
09/07/2010,2990.0,2998.0,2968.8,2996.6,206604,27242
09/08/2010,2987.0,2998.6,2972.0,2995.2,193194,26107
09/09/2010,3004.0,3006.8,2935.6,2947.6,244478,24059
09/10/2010,2955.0,2956.0,2914.0,2940.6,217296,24624
09/13/2010,2952.0,2983.8,2935.6,2967.4,206588,22149
09/14/2010,2969.8,2995.0,2956.0,2966.8,216894,16737
09/15/2010,2968.8,2972.6,2916.4,2920.0,171429,13494
09/16/2010,2920.0,2926.8,2836.4,2867.6,62516,5240
09/17/2010,2879.6,2889.0,2868.0,2878.8,212281,22675
09/20/2010,2881.0,2892.0,2848.0,2873.0,209602,23457
09/21/2010,2881.0,2886.8,2860.2,2871.4,163975,21201
09/27/2010,2882.2,2914.8,2879.8,2904.0,157948,21617
09/28/2010,2900.0,2905.4,2889.4,2891.4,120672,19058
09/29/2010,2893.4,2912.0,2881.4,2894.2,136850,18318
09/30/2010,2880.0,2955.0,2871.6,2953.4,189288,17389
10/08/2010,2972.6,3073.8,2966.4,3054.2,150243,19881
10/11/2010,3075.0,3162.4,3075.0,3137.6,208814,17039
10/12/2010,3124.4,3164.2,3123.0,3154.6,172451,15396
10/13/2010,3168.0,3208.8,3161.0,3206.8,182960,11797
10/14/2010,3221.4,3253.6,3215.8,3230.8,57606,5442
10/15/2010,3230.0,3394.8,3228.0,3392.0,263141,25734
10/18/2010,3390.0,3421.8,3324.2,3329.4,302110,25731
10/19/2010,3356.6,3434.4,3327.6,3423.8,308628,28270
10/20/2010,3392.6,3513.2,3377.0,3458.2,378770,28139
10/21/2010,3468.8,3492.8,3406.8,3448.8,325384,29059
10/22/2010,3455.6,3499.0,3426.8,3465.4,293741,29639
10/25/2010,3485.0,3608.0,3460.0,3606.0,256963,30526
10/26/2010,3608.2,3618.0,3521.0,3558.2,235559,29142
10/27/2010,3562.8,3606.2,3473.4,3488.0,303622,30275
10/28/2010,3496.0,3537.8,3486.2,3513.8,248247,30001
10/29/2010,3492.4,3498.0,3401.6,3420.0,266654,26397
11/01/2010,3449.8,3576.0,3443.2,3555.2,227693,29004
11/02/2010,3559.4,3587.8,3498.2,3500.4,260699,27851
11/03/2010,3533.0,3534.4,3451.0,3472.2,286579,26533
11/04/2010,3487.6,3538.0,3472.6,3524.8,236016,26412
11/05/2010,3569.0,3630.0,3563.4,3578.0,202498,23710
11/08/2010,3595.0,3595.8,3557.0,3579.6,141259,22742
11/09/2010,3581.6,3581.6,3528.2,3545.4,137677,19264
11/10/2010,3542.0,3542.0,3489.0,3525.8,132284,18520
11/11/2010,3520.8,3588.8,3491.4,3502.0,119295,14596
11/12/2010,3529.0,3563.6,3307.6,3342.4,233801,22941
11/15/2010,3366.0,3385.0,3323.4,3352.8,207228,25503
11/16/2010,3349.0,3357.8,3191.0,3211.2,246564,25183
11/17/2010,3173.6,3230.0,3142.4,3156.0,306002,28980
11/18/2010,3181.2,3214.6,3155.6,3190.4,236016,29185
11/19/2010,3210.0,3252.2,3083.4,3244.0,317329,26630
11/22/2010,3219.8,3238.6,3165.0,3189.0,248086,24897
11/23/2010,3180.0,3181.6,3065.0,3121.4,285775,22502
11/24/2010,3110.4,3220.4,3105.2,3197.4,292230,23296
11/25/2010,3212.0,3245.0,3186.0,3227.6,189336,21266
11/26/2010,3229.8,3242.0,3175.0,3213.0,209016,19864
11/29/2010,3207.6,3238.0,3170.2,3212.0,170248,21147
11/30/2010,3210.4,3222.0,3077.8,3153.2,253848,20203
12/01/2010,3153.4,3166.6,3126.6,3145.6,178326,20223
12/02/2010,3185.0,3220.0,3167.8,3167.8,160005,23169
12/03/2010,3179.8,3190.4,3138.2,3175.0,178485,20556
12/06/2010,3189.0,3207.2,3151.0,3171.0,168030,21389
12/07/2010,3156.2,3243.0,3115.2,3221.8,225376,21564
12/08/2010,3200.0,3228.8,3157.2,3159.6,167505,20803
12/09/2010,3173.0,3184.0,3126.2,3139.8,191446,22096
12/10/2010,3130.2,3199.0,3118.4,3171.6,197612,21517
12/13/2010,3220.0,3283.6,3191.0,3275.6,191913,18932
12/14/2010,3273.0,3292.0,3269.0,3277.8,104371,14729
12/15/2010,3279.6,3285.0,3251.0,3252.8,50325,9111
12/16/2010,3280.0,3308.0,3261.2,3264.2,130281,20809
12/17/2010,3279.0,3285.0,3255.0,3281.0,142994,23276
12/20/2010,3293.0,3310.0,3135.0,3209.2,222228,23073
12/21/2010,3220.0,3306.0,3207.4,3303.4,205960,24712
12/22/2010,3303.0,3307.0,3211.4,3243.6,176758,22657
12/23/2010,3244.6,3274.0,3204.4,3218.2,218391,23734
12/24/2010,3211.2,3224.0,3166.8,3196.4,248186,24072
12/27/2010,3211.0,3265.0,3113.0,3118.6,262972,25998
12/28/2010,3118.6,3127.6,3073.4,3074.2,206947,27135
12/29/2010,3070.0,3095.2,3064.4,3091.6,149470,27001
12/30/2010,3083.0,3115.0,3050.2,3093.8,188796,24850
12/31/2010,3097.8,3161.0,3094.4,3157.0,233054,21550
01/04/2011,3171.8,3215.0,3159.2,3192.0,190256,21724
01/05/2011,3188.0,3203.8,3176.4,3186.8,146115,19969
01/06/2011,3197.6,3224.2,3166.0,3173.0,186234,21747
01/07/2011,3162.0,3230.0,3145.0,3171.0,217547,19468
01/10/2011,3183.0,3198.0,3115.4,3122.0,186662,23331
01/11/2011,3130.0,3141.0,3106.0,3140.0,171964,23216
01/12/2011,3151.0,3165.4,3107.0,3153.6,206573,20891
01/13/2011,3167.0,3174.8,3128.4,3147.0,201842,20932
01/14/2011,3143.0,3144.8,3089.0,3097.4,207938,22644
01/17/2011,3090.2,3096.0,2967.6,2971.8,202138,23177
01/18/2011,2971.6,2986.8,2960.2,2974.0,143426,17968
01/19/2011,2977.8,3052.8,2968.0,3044.6,157936,10664
01/20/2011,3034.2,3038.0,2942.2,2945.4,39186,4824
01/21/2011,2950.6,3062.0,2948.0,2990.8,310304,21179
01/24/2011,3005.4,3018.4,2954.2,2970.2,245416,22120
01/25/2011,2979.0,2982.8,2935.2,2960.0,225117,24192
01/26/2011,2955.4,2999.6,2951.4,2987.2,211212,23723
01/27/2011,2983.6,3049.6,2943.0,3030.4,264338,21986
01/28/2011,3026.4,3057.4,3020.2,3045.8,164248,19547
01/31/2011,3035.0,3091.8,3031.0,3079.8,152443,20679
02/01/2011,3088.8,3098.0,3070.2,3085.4,104520,18921
02/09/2011,3077.6,3095.0,3033.0,3038.4,155572,18648
02/10/2011,3040.0,3118.8,3031.0,3104.6,177171,19168
02/11/2011,3109.8,3131.0,3097.2,3117.2,164256,15640
02/14/2011,3122.0,3242.8,3115.2,3228.6,154535,12542
02/15/2011,3231.2,3251.6,3207.0,3216.0,54138,6909
02/16/2011,3238.0,3273.8,3225.0,3272.6,177034,30257
02/17/2011,3277.0,3289.6,3233.0,3262.0,185330,29892
02/18/2011,3262.0,3268.6,3221.0,3231.4,193928,31275
02/21/2011,3223.0,3288.6,3212.2,3284.2,207321,33381
02/22/2011,3288.0,3294.4,3175.0,3179.4,244202,29062
02/23/2011,3174.0,3199.2,3165.0,3175.2,177419,29940
02/24/2011,3175.0,3209.0,3167.2,3193.2,208424,27148
02/25/2011,3202.0,3236.0,3175.0,3214.6,219730,27001
02/28/2011,3214.0,3260.6,3185.2,3255.2,208090,28559
03/01/2011,3260.4,3282.0,3245.0,3254.4,176603,27250
03/02/2011,3242.0,3262.8,3213.2,3245.4,202275,26946
03/03/2011,3249.8,3284.0,3221.2,3223.6,229396,29001
03/04/2011,3231.8,3292.8,3228.2,3288.6,188349,31099
03/07/2011,3290.0,3353.2,3287.8,3342.2,199756,32634
03/08/2011,3337.8,3365.0,3318.0,3363.4,152733,30429
03/09/2011,3369.0,3372.0,3336.0,3345.4,180272,31486
03/10/2011,3339.0,3340.8,3282.2,3290.0,182138,31105
03/11/2011,3284.2,3304.8,3235.4,3250.2,172330,28110
03/14/2011,3258.4,3274.4,3235.4,3258.4,159236,26073
03/15/2011,3251.2,3255.6,3137.4,3199.6,217685,15584
03/16/2011,3217.6,3249.6,3205.2,3242.8,80032,8439
03/17/2011,3245.4,3254.4,3195.8,3225.0,191484,21508
03/18/2011,3242.6,3263.6,3225.0,3232.2,159810,26021
03/21/2011,3231.0,3288.0,3202.0,3230.0,185625,26447
03/22/2011,3241.2,3247.6,3181.2,3231.6,211735,27558
03/23/2011,3231.0,3284.6,3221.0,3269.2,186721,27477
03/24/2011,3275.0,3279.0,3260.6,3267.0,127958,25776
03/25/2011,3271.6,3324.4,3269.0,3298.4,171197,28514
03/28/2011,3308.6,3337.0,3295.0,3296.6,172326,28269
03/29/2011,3291.6,3322.0,3262.8,3273.8,193055,28685
03/30/2011,3279.8,3284.6,3248.0,3263.6,182887,30975
03/31/2011,3265.6,3273.8,3221.0,3244.0,181792,28770
04/01/2011,3243.6,3280.6,3232.8,3276.4,156137,27514
04/06/2011,3275.8,3320.8,3265.2,3308.0,178965,27887
04/07/2011,3312.2,3327.8,3303.2,3323.8,128424,25177
04/08/2011,3325.6,3366.4,3316.6,3366.0,159841,25641
04/11/2011,3368.0,3382.0,3336.8,3344.6,137974,22859
04/12/2011,3341.2,3351.8,3310.4,3326.0,149352,19725
04/13/2011,3318.4,3377.8,3304.2,3374.8,131950,13520
04/14/2011,3370.4,3376.0,3344.4,3347.2,37405,5928
04/15/2011,3365.8,3395.8,3331.8,3372.8,196648,26522
04/18/2011,3368.0,3384.0,3342.4,3355.4,171516,27020
04/19/2011,3343.4,3344.6,3302.2,3311.4,169120,27227
04/20/2011,3318.8,3327.6,3296.2,3316.0,131575,29702
04/21/2011,3328.6,3345.4,3313.0,3320.0,143692,28613
04/22/2011,3323.0,3335.8,3298.0,3307.8,132043,28394
04/25/2011,3302.0,3304.4,3254.0,3261.2,147000,28955
04/26/2011,3256.0,3267.4,3232.8,3252.8,134902,31425
04/27/2011,3258.2,3263.0,3202.0,3230.2,132562,31188
04/28/2011,3238.0,3251.4,3185.8,3195.2,201579,33348
04/29/2011,3191.2,3215.4,3186.4,3193.2,145652,32313
05/03/2011,3203.4,3217.8,3175.0,3210.4,130928,30941
05/04/2011,3205.8,3205.8,3121.6,3129.0,163238,29755
05/05/2011,3120.0,3139.4,3115.2,3120.4,127061,29329
05/06/2011,3110.0,3144.0,3091.0,3133.0,168603,26493
05/09/2011,3135.6,3153.2,3114.4,3137.2,142312,24885
05/10/2011,3132.2,3157.6,3124.2,3149.4,154453,24263
05/11/2011,3155.0,3165.0,3126.0,3139.8,162088,22503
05/12/2011,3124.6,3142.0,3090.2,3090.2,145812,22100
05/13/2011,3104.8,3136.6,3087.2,3127.0,157456,22196
05/16/2011,3120.0,3135.0,3093.2,3103.8,115773,18126
05/17/2011,3100.0,3134.6,3077.0,3115.4,89458,11584
05/18/2011,3125.8,3159.8,3123.2,3148.2,131666,27224
05/19/2011,3152.0,3161.8,3128.2,3129.0,131879,29659
05/20/2011,3130.0,3142.6,3123.4,3126.2,127500,30952
05/23/2011,3118.6,3123.4,3020.6,3022.4,165275,34030
05/24/2011,3020.2,3033.6,3014.6,3023.8,124258,33726
05/25/2011,3020.8,3037.2,2991.0,3015.2,159561,34035
05/26/2011,3018.6,3026.8,2984.2,2992.6,157229,35017
05/27/2011,2995.0,3013.8,2979.2,2981.0,198093,39790
05/30/2011,2976.6,2989.8,2960.2,2971.8,155057,39371
05/31/2011,2973.0,3009.6,2962.2,2996.0,155048,38618
06/01/2011,2998.2,3004.8,2989.6,3002.4,116853,35519
06/02/2011,2981.0,2989.4,2928.8,2963.0,186120,33572
06/03/2011,2964.0,2998.6,2959.4,2986.6,147279,31461
06/07/2011,2984.4,3001.6,2971.4,2995.0,129804,31055
06/08/2011,2990.0,3015.4,2956.2,3006.8,166932,29651
06/09/2011,3009.2,3009.6,2951.0,2958.2,171985,30303
06/10/2011,2960.0,2968.0,2931.4,2947.6,170100,29740
06/13/2011,2940.0,2957.8,2918.0,2955.2,161648,28337
06/14/2011,2952.2,2995.8,2948.6,2984.0,152014,22789
06/15/2011,2985.8,2992.0,2959.2,2960.8,103534,17000
06/16/2011,2950.6,2950.6,2921.0,2921.0,37652,10634
06/17/2011,2931.6,2939.8,2887.2,2888.0,140071,31687
06/20/2011,2888.0,2898.0,2863.2,2883.6,149261,32160
06/21/2011,2890.0,2907.2,2881.0,2901.8,151767,30269
06/22/2011,2908.2,2917.8,2887.8,2897.6,149993,28524
06/23/2011,2891.2,2976.6,2884.2,2961.4,212256,27768
06/24/2011,2962.0,3062.0,2954.6,3039.8,237657,28933
06/27/2011,3033.0,3057.0,3022.2,3038.4,180870,29193
06/28/2011,3041.8,3052.6,3019.0,3041.0,175782,28870
06/29/2011,3050.0,3051.8,3008.6,3017.6,182134,28899
06/30/2011,3016.8,3081.0,3013.8,3035.0,204473,29394
07/01/2011,3040.2,3077.0,3035.0,3049.6,193487,27969
07/04/2011,3058.6,3130.0,3058.6,3122.0,186619,29151
07/05/2011,3122.2,3128.0,3109.8,3119.0,126429,27055
07/06/2011,3120.0,3125.0,3091.2,3114.0,152941,28605
07/07/2011,3119.6,3150.0,3098.0,3113.6,214542,26822
07/08/2011,3122.0,3134.8,3099.2,3120.6,197890,26380
07/11/2011,3113.8,3121.8,3091.2,3104.2,159537,24843
07/12/2011,3085.0,3090.8,3053.4,3054.6,151414,20735
07/13/2011,3063.0,3114.8,3063.0,3108.0,139557,15410
07/14/2011,3107.6,3123.0,3095.0,3114.0,48626,5589
07/15/2011,3122.0,3148.0,3109.0,3139.0,158300,28362
07/18/2011,3149.0,3157.0,3121.8,3122.8,135361,30068
07/19/2011,3119.0,3119.0,3098.2,3116.8,129604,30374
07/20/2011,3129.4,3130.8,3079.6,3095.2,149582,30633
07/21/2011,3091.0,3113.6,3070.0,3074.8,165943,31707
07/22/2011,3084.0,3097.0,3072.0,3075.0,130681,31147
07/25/2011,3062.0,3063.0,2966.0,2977.2,147344,31072
07/26/2011,2978.6,2985.6,2973.0,2983.2,95538,31482
07/27/2011,2975.0,3004.6,2955.2,2994.2,167471,27650
07/28/2011,2978.2,2992.8,2965.0,2990.2,138644,26857
07/29/2011,2986.8,3004.8,2956.8,2971.6,176889,26178
08/01/2011,2985.0,2997.0,2966.0,2987.8,126197,28085
08/02/2011,2970.0,2971.0,2924.2,2964.0,163985,26892
08/03/2011,2935.0,2973.2,2932.4,2960.0,151494,25674
08/04/2011,2966.0,2984.8,2955.8,2962.6,118500,26207
08/05/2011,2902.2,2919.4,2870.4,2896.2,150080,22505
08/08/2011,2890.0,2896.6,2751.8,2796.2,225170,24995
08/09/2011,2719.0,2822.0,2702.6,2820.2,255517,20777
08/10/2011,2838.6,2849.8,2805.0,2807.8,171607,19016
08/11/2011,2790.0,2881.0,2785.2,2879.6,241459,18873
08/12/2011,2885.0,2888.0,2857.0,2860.4,156995,15803
08/15/2011,2879.0,2906.2,2860.8,2896.0,131681,13573
08/16/2011,2901.2,2909.0,2871.4,2875.2,61530,8958
08/17/2011,2885.6,2916.0,2885.2,2890.6,154412,24053
08/18/2011,2886.0,2894.6,2832.2,2846.4,165849,27528
08/19/2011,2816.6,2824.2,2786.8,2805.8,182229,29673
08/22/2011,2810.8,2835.0,2765.2,2786.2,204489,30034
08/23/2011,2792.0,2835.0,2781.6,2832.2,211257,30330
08/24/2011,2838.0,2844.8,2794.6,2800.4,187948,30176
08/25/2011,2812.8,2916.0,2811.2,2912.8,267514,33276
08/26/2011,2905.6,2914.4,2873.0,2894.6,209822,29360
08/29/2011,2879.6,2880.0,2841.6,2855.4,207234,28821
08/30/2011,2870.0,2910.6,2829.0,2831.8,240543,30229
08/31/2011,2835.6,2857.6,2825.8,2846.8,216290,29469
09/01/2011,2855.0,2876.8,2818.0,2828.0,235944,30081
09/02/2011,2821.0,2842.0,2791.0,2808.4,222157,29778
09/05/2011,2792.8,2795.0,2743.4,2748.4,184469,31310
09/06/2011,2740.0,2747.2,2712.2,2737.2,199381,32255
09/07/2011,2740.2,2785.6,2728.0,2776.0,224467,33146
09/08/2011,2780.0,2788.8,2756.0,2762.4,173979,30845
09/09/2011,2776.2,2806.0,2737.4,2750.0,243189,29822
09/13/2011,2713.8,2728.0,2699.0,2722.8,165873,26073
09/14/2011,2728.0,2742.6,2673.2,2730.6,205074,16501
09/15/2011,2738.2,2755.8,2723.0,2725.8,67646,7271
09/16/2011,2750.4,2761.8,2729.6,2735.2,189374,30154
09/19/2011,2710.0,2712.8,2668.2,2668.6,149785,31582
09/20/2011,2673.6,2706.6,2667.6,2704.6,197071,31555
09/21/2011,2698.0,2785.2,2676.0,2765.4,278252,34448
09/22/2011,2740.0,2759.8,2680.6,2684.4,225960,31992
09/23/2011,2641.6,2694.8,2624.0,2668.2,306868,29434
09/26/2011,2649.0,2685.6,2601.6,2605.4,271018,31869
09/27/2011,2634.8,2662.0,2618.0,2648.2,251326,30703
09/28/2011,2648.0,2661.4,2602.2,2618.6,227194,30460
09/29/2011,2599.8,2626.0,2582.6,2606.8,257025,31795
09/30/2011,2608.8,2614.6,2570.4,2571.8,194766,29095
10/10/2011,2600.0,2604.0,2562.0,2568.0,158979,33522
10/11/2011,2644.0,2650.0,2537.0,2553.6,237122,34691
10/12/2011,2542.4,2650.6,2533.4,2635.2,333517,31116
10/13/2011,2642.0,2669.8,2630.2,2654.6,249558,25346
10/14/2011,2659.4,2669.2,2633.2,2656.6,215399,23596
10/17/2011,2666.8,2690.2,2650.4,2663.4,197569,19498
10/18/2011,2639.8,2647.8,2586.2,2594.2,148901,14361
10/19/2011,2609.8,2623.0,2580.4,2584.4,66055,8486
10/20/2011,2568.0,2569.6,2504.0,2524.4,228747,28168
10/21/2011,2531.2,2546.0,2515.0,2521.2,229761,32834
10/24/2011,2535.0,2598.4,2511.2,2576.4,295585,37628
10/25/2011,2580.4,2646.6,2564.4,2622.0,296248,33092
10/26/2011,2628.2,2683.6,2622.6,2662.8,282652,33347
10/27/2011,2668.8,2679.6,2654.0,2675.8,210728,35266
10/28/2011,2698.0,2745.2,2688.4,2703.0,256011,33050
10/31/2011,2703.0,2710.8,2679.4,2693.8,177245,31678
11/01/2011,2685.0,2734.6,2677.0,2686.6,262698,31990
11/02/2011,2670.0,2779.0,2656.0,2777.0,291665,35339
11/03/2011,2771.0,2786.0,2741.0,2747.4,261952,33103
11/04/2011,2780.2,2795.0,2753.6,2773.2,263555,34532
11/07/2011,2760.2,2773.6,2738.4,2755.6,193648,34604
11/08/2011,2752.0,2769.0,2732.2,2741.0,226254,35409
11/09/2011,2755.2,2768.0,2714.0,2748.0,248857,34327
11/10/2011,2715.0,2733.6,2700.0,2701.0,226598,30354
11/11/2011,2707.6,2725.0,2691.8,2694.6,163246,28823
11/14/2011,2720.0,2766.2,2718.0,2752.2,195172,26157
11/15/2011,2745.2,2757.0,2734.0,2740.6,124833,19958
11/16/2011,2749.6,2752.0,2660.6,2677.0,70700,10088
11/17/2011,2682.0,2696.2,2669.4,2676.4,164980,32404
11/18/2011,2661.0,2662.0,2609.6,2617.8,214813,38714
11/21/2011,2615.8,2621.2,2597.8,2613.6,140709,41616
11/22/2011,2602.2,2624.0,2585.2,2611.2,227769,39577
11/23/2011,2615.8,2621.0,2578.4,2586.4,215246,37977
11/24/2011,2571.2,2613.8,2567.4,2598.2,238398,38027
11/25/2011,2592.0,2603.0,2565.8,2573.0,172445,37096
11/28/2011,2588.2,2599.8,2568.2,2585.0,189708,38208
11/29/2011,2594.6,2613.0,2581.6,2602.0,203532,39326
11/30/2011,2602.8,2604.0,2515.2,2528.0,218819,36211
12/01/2011,2588.0,2642.2,2578.0,2583.0,305852,35753
12/02/2011,2578.0,2583.0,2549.0,2564.8,254302,34026
12/05/2011,2560.2,2571.2,2529.6,2536.0,265673,38245
12/06/2011,2527.4,2536.8,2510.8,2519.4,203960,38824
12/07/2011,2523.4,2539.2,2513.2,2537.2,222142,37791
12/08/2011,2531.2,2561.8,2498.4,2531.0,287500,37955
12/09/2011,2518.0,2532.0,2507.0,2510.8,208492,37854
12/12/2011,2512.0,2513.6,2485.8,2490.2,172451,36613
12/13/2011,2480.6,2486.2,2434.8,2438.8,198419,34728
12/14/2011,2433.2,2442.0,2410.0,2419.0,156637,25948
12/15/2011,2407.8,2408.0,2341.4,2343.6,111622,12400
12/16/2011,2355.0,2404.2,2351.0,2391.4,262634,44916
12/19/2011,2378.0,2405.0,2322.2,2403.0,344258,42379
12/20/2011,2392.0,2423.0,2375.6,2380.2,297682,39514
12/21/2011,2399.4,2416.0,2346.6,2358.6,296200,41414
12/22/2011,2344.8,2378.4,2306.4,2357.8,411787,42725
12/23/2011,2358.0,2401.8,2343.4,2360.2,360047,41368
12/26/2011,2351.2,2383.0,2337.2,2344.0,306802,42432
12/27/2011,2340.4,2364.2,2319.2,2321.6,305020,43526
12/28/2011,2319.2,2331.0,2293.2,2321.2,312405,43552
12/29/2011,2307.0,2339.2,2306.0,2322.0,268843,42114
12/30/2011,2331.0,2362.0,2328.0,2357.0,266983,37515
01/04/2012,2381.0,2383.8,2305.0,2305.6,226897,41983
01/05/2012,2303.4,2327.4,2286.2,2291.0,322309,41770
01/06/2012,2289.0,2300.8,2273.0,2297.6,276946,42667
01/09/2012,2285.4,2378.2,2276.8,2376.8,392480,38533
01/10/2012,2384.8,2464.8,2372.0,2462.6,376838,36316
01/11/2012,2463.0,2468.8,2436.4,2445.6,297272,37188
01/12/2012,2442.4,2475.0,2433.4,2445.6,323934,34749
01/13/2012,2447.6,2457.0,2387.6,2410.2,333591,31451
01/16/2012,2400.0,2404.8,2347.6,2352.0,286805,27962
01/17/2012,2361.0,2494.0,2339.8,2487.4,355421,19261
01/18/2012,2485.0,2489.8,2411.4,2427.4,102874,6578
01/19/2012,2450.0,2515.8,2438.0,2488.4,469912,40609
01/20/2012,2498.4,2530.8,2477.0,2515.8,355346,38757
01/30/2012,2513.4,2517.2,2465.0,2469.2,306138,37830
01/31/2012,2472.4,2485.6,2456.8,2476.0,306569,38889
02/01/2012,2470.6,2494.8,2428.4,2439.8,325745,38637
02/02/2012,2445.0,2497.4,2434.4,2487.2,397302,38648
02/03/2012,2488.0,2527.6,2474.0,2509.0,346500,38447
02/06/2012,2522.4,2533.0,2492.6,2504.4,311996,38530
02/07/2012,2502.0,2503.4,2442.6,2464.2,327100,34899
02/08/2012,2466.8,2554.0,2457.0,2536.4,388623,37218
02/09/2012,2530.0,2553.2,2518.0,2532.6,376190,33243
02/10/2012,2531.0,2572.4,2519.8,2532.2,407415,28628
02/13/2012,2517.8,2565.0,2501.0,2531.0,361959,26783
02/14/2012,2529.0,2537.6,2505.6,2519.6,292593,19648
02/15/2012,2520.4,2562.8,2515.4,2546.6,106560,7791
02/16/2012,2547.0,2565.0,2520.0,2544.0,326007,38151
02/17/2012,2559.4,2573.2,2531.8,2549.8,368700,40822
02/20/2012,2579.0,2586.0,2549.4,2552.4,299808,46436
02/21/2012,2557.0,2569.6,2525.6,2568.8,366212,45210
02/22/2012,2571.0,2606.0,2562.8,2595.8,367881,44195
02/23/2012,2595.0,2615.0,2590.2,2606.0,330608,41308
02/24/2012,2616.4,2658.6,2599.0,2658.4,370520,41636
02/27/2012,2664.6,2702.0,2660.2,2669.0,343970,43560
02/28/2012,2671.2,2685.0,2655.8,2668.0,330073,48146
02/29/2012,2659.4,2673.0,2646.0,2650.8,330380,47967
03/01/2012,2639.0,2662.0,2637.0,2639.0,278974,49181
03/02/2012,2645.4,2688.6,2645.4,2684.6,352776,45940
03/05/2012,2686.6,2696.6,2665.2,2668.8,260414,44396
03/06/2012,2665.2,2668.8,2624.0,2633.0,313051,45175
03/07/2012,2614.8,2637.0,2609.4,2613.0,291731,45109
03/08/2012,2620.8,2653.0,2618.8,2637.8,341684,42732
03/09/2012,2648.0,2667.8,2639.0,2665.0,329139,41253
03/12/2012,2665.2,2667.4,2640.8,2647.6,260531,36456
03/13/2012,2655.0,2681.2,2651.2,2676.8,277049,28468
03/14/2012,2691.0,2702.8,2598.0,2613.8,190387,12961
03/15/2012,2620.0,2631.4,2598.2,2600.4,323390,48532
03/16/2012,2605.2,2632.8,2586.0,2627.0,365726,50080
03/19/2012,2625.0,2634.6,2608.0,2629.4,282149,48033
03/20/2012,2633.6,2633.8,2595.0,2596.2,321056,49421
03/21/2012,2608.2,2620.0,2580.2,2601.6,360190,51628
03/22/2012,2599.0,2609.6,2580.6,2596.4,309414,51083
03/23/2012,2590.0,2591.2,2560.8,2571.0,290760,53121
03/26/2012,2568.2,2575.0,2558.2,2568.8,193913,54606
03/27/2012,2579.6,2580.6,2560.0,2564.8,209970,55058
03/28/2012,2558.6,2559.0,2484.6,2493.0,294714,57628
03/29/2012,2482.0,2486.0,2444.0,2464.0,318736,54496
03/30/2012,2467.2,2471.6,2450.6,2453.6,259901,51249
04/05/2012,2440.0,2519.0,2438.8,2511.4,361987,47473
04/06/2012,2513.8,2526.0,2504.0,2520.6,283250,42485
04/09/2012,2511.0,2524.8,2489.0,2501.0,326355,39861
04/10/2012,2498.0,2523.2,2460.8,2517.0,395486,39295
04/11/2012,2500.0,2545.0,2494.0,2521.4,411222,34564
04/12/2012,2525.0,2577.0,2517.2,2572.2,371592,34732
04/13/2012,2581.6,2598.8,2568.8,2586.2,311243,29612
04/16/2012,2571.2,2588.8,2560.2,2574.2,269399,25292
04/17/2012,2578.2,2579.0,2546.2,2549.6,243627,19258
04/18/2012,2558.0,2605.8,2550.4,2593.4,79753,8578
04/19/2012,2609.0,2617.8,2596.4,2610.6,262237,45073
04/20/2012,2606.8,2642.0,2602.0,2636.4,333180,46708
04/23/2012,2635.6,2638.2,2612.0,2619.4,251039,48438
04/24/2012,2615.2,2655.6,2571.6,2605.4,431519,44539
04/25/2012,2609.4,2634.6,2602.6,2628.8,367986,44959
04/26/2012,2635.2,2649.6,2621.0,2638.8,305538,45528
04/27/2012,2642.2,2647.0,2632.0,2638.6,248923,43855
05/02/2012,2655.8,2702.2,2650.0,2686.8,296578,47635
05/03/2012,2685.0,2697.2,2684.2,2694.8,199784,46597
05/04/2012,2693.0,2717.2,2678.8,2717.2,322228,46996
05/07/2012,2705.0,2716.8,2699.0,2714.2,245549,47811
05/08/2012,2720.0,2726.0,2686.6,2702.2,348561,48071
05/09/2012,2695.0,2695.0,2660.0,2663.6,289065,44805
05/10/2012,2664.8,2674.8,2658.0,2663.4,236523,44531
05/11/2012,2660.2,2676.4,2628.0,2631.2,303477,41308
05/14/2012,2644.6,2650.4,2582.0,2603.8,321732,33218
05/15/2012,2590.0,2614.2,2586.2,2604.2,179511,24319
05/16/2012,2600.0,2605.8,2558.0,2563.2,73383,14580
05/17/2012,2583.0,2620.0,2574.4,2607.6,278374,49318
05/18/2012,2594.6,2596.4,2555.6,2568.2,319530,50581
05/21/2012,2575.0,2603.4,2561.4,2583.0,369565,52149
05/22/2012,2593.0,2611.8,2588.4,2607.6,308016,50420
05/23/2012,2597.0,2615.0,2575.0,2587.8,352343,47757
05/24/2012,2595.0,2608.0,2564.6,2582.2,370230,48389
05/25/2012,2579.2,2585.0,2557.8,2565.4,302870,49435
05/28/2012,2564.0,2602.6,2548.0,2598.8,317790,48536
05/29/2012,2597.0,2656.0,2596.6,2645.0,347247,46142
05/30/2012,2635.0,2644.0,2628.8,2632.4,252462,44121
05/31/2012,2621.2,2643.4,2612.0,2635.6,305805,44773
06/01/2012,2630.0,2659.8,2615.2,2629.2,385689,41674
06/04/2012,2600.0,2600.0,2545.0,2545.4,312799,39942
06/05/2012,2555.6,2566.4,2546.2,2552.4,281713,39386
06/06/2012,2549.8,2569.6,2540.2,2549.0,359605,38522
06/07/2012,2570.0,2575.6,2521.0,2533.8,314243,38488
06/08/2012,2545.2,2548.8,2511.0,2513.0,401260,35192
06/11/2012,2535.0,2568.6,2520.8,2552.2,342023,29328
06/12/2012,2534.4,2552.6,2521.6,2540.8,273907,22247
06/13/2012,2542.0,2574.8,2537.0,2568.0,130537,11285
06/14/2012,2556.0,2576.0,2543.0,2547.4,295965,44361
06/15/2012,2555.8,2573.0,2531.8,2560.6,414309,45114
06/18/2012,2579.0,2590.2,2565.0,2572.4,363196,48402
06/19/2012,2572.2,2573.0,2550.2,2558.0,292607,50132
06/20/2012,2563.4,2569.8,2548.0,2549.0,305212,53365
06/21/2012,2544.8,2545.2,2493.2,2510.8,341378,54959
06/25/2012,2500.2,2506.8,2459.2,2467.6,271087,58564
06/26/2012,2463.2,2469.0,2448.8,2461.0,317299,58898
06/27/2012,2456.0,2475.0,2449.8,2454.8,290944,57732
06/28/2012,2461.2,2468.0,2435.4,2439.4,324209,59858
06/29/2012,2431.2,2472.0,2431.0,2469.0,364747,56213
07/02/2012,2477.0,2477.8,2455.2,2464.0,324752,58822
07/03/2012,2466.6,2499.2,2461.2,2469.0,400439,56974
07/04/2012,2473.0,2486.0,2463.4,2469.6,399476,57457
07/05/2012,2469.6,2469.8,2431.6,2444.8,377809,59828
07/06/2012,2442.8,2495.0,2429.0,2479.6,475826,58312
07/09/2012,2467.8,2478.8,2425.2,2430.8,361963,58054
07/10/2012,2427.4,2435.6,2418.2,2422.6,334547,58205
07/11/2012,2415.0,2440.0,2411.0,2428.6,392345,56843
07/12/2012,2427.0,2464.8,2412.4,2446.4,528147,51818
07/13/2012,2448.6,2477.0,2446.2,2457.0,417636,47028
07/16/2012,2462.0,2464.8,2413.6,2417.0,347330,45844
07/17/2012,2412.0,2429.0,2409.6,2422.4,269322,37084
07/18/2012,2418.4,2430.0,2380.6,2419.2,168683,23135
07/19/2012,2429.8,2463.4,2423.0,2433.6,442827,52723
07/20/2012,2434.8,2436.4,2410.0,2419.0,362308,60270
07/23/2012,2401.6,2402.6,2373.4,2378.2,313452,60091
07/24/2012,2374.8,2406.6,2371.0,2382.4,372651,59682
07/25/2012,2375.0,2397.0,2369.2,2374.0,351569,62166
07/26/2012,2372.4,2390.6,2361.6,2365.0,385129,64990
07/27/2012,2370.8,2380.8,2363.6,2372.2,325456,62813
07/30/2012,2373.0,2388.0,2359.4,2363.8,336922,66202
07/31/2012,2361.0,2376.4,2361.0,2363.2,273521,65249
08/01/2012,2358.4,2385.0,2358.0,2369.6,341239,64290
08/02/2012,2369.6,2372.0,2337.6,2351.2,308900,65373
08/03/2012,2354.8,2368.8,2345.6,2367.8,303837,66599
08/06/2012,2360.6,2393.2,2360.2,2384.4,389607,62986
08/07/2012,2385.4,2394.8,2385.2,2392.2,243930,58897
08/08/2012,2396.0,2409.0,2389.2,2391.2,279984,56170
08/09/2012,2393.6,2421.4,2385.2,2418.2,397185,54495
08/10/2012,2419.6,2422.2,2405.4,2411.6,246736,50221
08/13/2012,2407.2,2408.8,2365.2,2367.8,261209,51318
08/14/2012,2364.8,2370.6,2331.6,2357.6,334001,42509
08/15/2012,2355.4,2356.6,2335.6,2339.6,175935,29607
08/16/2012,2350.8,2357.6,2341.4,2345.4,242421,65237
08/17/2012,2345.6,2347.0,2321.8,2334.0,303042,78835
08/20/2012,2320.8,2328.8,2295.8,2316.4,299462,77911
08/21/2012,2316.2,2350.6,2314.0,2323.0,418647,79215
08/22/2012,2321.6,2331.2,2302.4,2309.8,298293,78348
08/23/2012,2312.4,2331.8,2304.2,2323.6,440746,79772
08/24/2012,2316.2,2317.0,2293.2,2295.0,307985,76843
08/27/2012,2295.8,2297.0,2248.2,2249.4,317408,82660
08/28/2012,2248.0,2269.0,2243.2,2248.0,331909,82277
08/29/2012,2246.6,2257.6,2230.0,2232.2,370404,80043
08/30/2012,2228.6,2238.2,2208.4,2221.8,421206,79326
08/31/2012,2215.0,2233.0,2214.4,2216.0,356770,77719
09/03/2012,2215.6,2244.6,2202.2,2234.4,441490,76217
09/04/2012,2232.8,2240.6,2206.2,2210.8,325284,73253
09/05/2012,2208.2,2217.8,2198.8,2210.0,359867,71305
09/06/2012,2210.0,2243.8,2205.4,2241.2,454892,72286
09/07/2012,2248.2,2362.8,2242.0,2341.2,726823,71491
09/10/2012,2340.2,2347.8,2326.2,2337.8,407601,68090
09/11/2012,2331.6,2332.0,2302.2,2323.6,474765,64204
09/12/2012,2329.0,2353.8,2304.2,2330.4,522774,56538
09/13/2012,2328.6,2336.4,2295.6,2300.8,518900,52350
09/14/2012,2335.0,2354.0,2304.2,2329.0,593678,47267
09/17/2012,2320.0,2323.8,2265.2,2269.4,399679,42824
09/18/2012,2261.6,2263.4,2231.0,2232.4,270270,31694
09/19/2012,2238.6,2255.0,2232.6,2246.8,109729,20858
09/20/2012,2258.2,2259.8,2206.0,2211.4,442196,65521
09/21/2012,2208.2,2233.8,2201.6,2216.4,553935,67351
09/24/2012,2200.0,2242.8,2185.2,2221.4,638028,69397
09/25/2012,2213.0,2237.0,2208.0,2218.6,500095,67218
09/26/2012,2210.2,2229.2,2192.6,2200.2,470419,67521
09/27/2012,2198.0,2320.0,2197.8,2257.2,732595,69799
09/28/2012,2250.0,2316.4,2240.6,2315.6,726322,61433
10/08/2012,2306.4,2313.6,2262.0,2276.6,449036,60366
10/09/2012,2283.2,2345.0,2280.6,2323.8,687674,65632
10/10/2012,2313.4,2333.6,2310.2,2321.4,502021,63354
10/11/2012,2320.4,2328.0,2305.4,2320.0,504115,61828
10/12/2012,2318.2,2343.6,2288.6,2307.2,616579,57024
10/15/2012,2300.0,2324.8,2283.0,2302.4,450914,53499
10/16/2012,2305.0,2323.0,2290.2,2298.8,540958,45971
10/17/2012,2309.6,2319.0,2282.2,2309.4,478407,30442
10/18/2012,2318.0,2344.2,2310.8,2332.6,172721,11131
10/19/2012,2350.0,2355.8,2342.8,2346.8,308183,67895
10/22/2012,2334.8,2365.0,2328.2,2351.0,419077,71057
10/23/2012,2355.0,2357.8,2323.2,2324.4,451252,71278
10/24/2012,2318.0,2337.8,2315.4,2322.0,454605,70100
10/25/2012,2322.0,2334.4,2304.0,2307.4,454627,74691
10/26/2012,2305.8,2309.4,2245.4,2252.0,511301,71913
10/29/2012,2250.0,2255.8,2233.4,2244.0,335842,70298
10/30/2012,2245.0,2269.8,2237.0,2245.4,484871,70216
10/31/2012,2252.0,2261.0,2238.4,2255.2,484962,68321
11/01/2012,2257.4,2318.2,2255.4,2306.2,588816,69598
11/02/2012,2311.2,2316.0,2289.2,2307.2,442903,67071
11/05/2012,2305.4,2330.0,2293.0,2307.0,500112,63900
11/06/2012,2309.0,2314.6,2261.2,2290.8,557390,64415
11/07/2012,2296.8,2310.0,2279.0,2292.0,592125,65271
11/08/2012,2275.0,2282.8,2243.8,2245.0,531773,64231
11/09/2012,2247.6,2254.6,2236.2,2244.6,397937,60405
11/12/2012,2245.0,2257.4,2231.0,2249.0,476242,56822
11/13/2012,2250.0,2251.0,2207.2,2214.4,448451,48754
11/14/2012,2215.2,2224.2,2210.4,2217.4,279330,38722
11/15/2012,2206.0,2223.6,2189.2,2192.8,163119,20032
11/16/2012,2199.8,2201.2,2168.6,2183.8,504519,77084
11/19/2012,2183.4,2184.4,2156.2,2176.2,499293,77645
11/20/2012,2182.0,2188.4,2166.2,2181.0,473298,76817
11/21/2012,2177.0,2201.0,2158.2,2192.4,718404,78277
11/22/2012,2190.2,2191.0,2172.2,2187.6,524239,76933
11/23/2012,2193.0,2209.6,2185.2,2194.4,622046,75899
11/26/2012,2197.2,2197.6,2173.8,2180.2,475868,75362
11/27/2012,2177.2,2177.6,2156.6,2158.0,439195,79262
11/28/2012,2154.0,2154.0,2137.0,2141.8,388935,83149
11/29/2012,2140.4,2149.8,2125.4,2125.6,384646,84358
11/30/2012,2123.8,2147.8,2121.0,2138.4,580780,79377
12/03/2012,2139.6,2156.2,2115.6,2117.4,565400,83698
12/04/2012,2112.0,2139.4,2111.8,2131.4,577421,83873
12/05/2012,2133.6,2226.0,2131.4,2215.8,814910,75595
12/06/2012,2218.0,2222.2,2200.2,2204.4,536211,72093
12/07/2012,2208.6,2258.8,2205.6,2254.8,763753,65959
12/10/2012,2262.0,2277.0,2255.8,2268.4,634588,63877
12/11/2012,2267.0,2272.6,2257.2,2261.4,498505,59073
12/12/2012,2264.0,2275.6,2255.0,2268.4,594351,59049
12/13/2012,2268.0,2268.6,2247.0,2252.6,538086,52392
12/14/2012,2253.0,2375.6,2251.4,2374.2,823839,49950
12/17/2012,2372.8,2379.0,2362.0,2373.0,436666,32689
12/18/2012,2373.0,2410.0,2347.4,2366.0,357599,18991
12/19/2012,2372.0,2404.0,2372.0,2383.6,601248,69188
12/20/2012,2375.0,2417.2,2363.0,2408.2,703775,80595
12/21/2012,2415.0,2436.6,2380.2,2392.2,835617,76346
12/24/2012,2389.0,2417.6,2388.0,2390.8,677618,81648
12/25/2012,2386.4,2478.8,2381.4,2453.0,871318,83728
12/26/2012,2453.6,2466.2,2453.2,2461.8,418392,80660
12/27/2012,2472.0,2497.0,2453.6,2466.6,613278,80503
12/28/2012,2465.8,2502.0,2462.8,2499.0,662844,83214
12/31/2012,2501.6,2544.0,2501.0,2538.0,601829,84272
01/04/2013,2565.0,2567.4,2503.2,2533.2,572312,80197
01/07/2013,2537.8,2554.4,2523.2,2533.2,615196,77931
01/08/2013,2537.0,2548.8,2506.6,2531.2,729477,74965
01/09/2013,2531.6,2543.8,2509.0,2525.4,629921,72606
01/10/2013,2529.4,2562.2,2512.6,2537.8,724539,71891
01/11/2013,2542.0,2547.8,2481.8,2498.6,784689,69875
01/14/2013,2497.2,2598.2,2489.8,2586.6,744878,67427
01/15/2013,2587.8,2608.6,2583.0,2596.4,445268,42949
01/16/2013,2597.4,2602.8,2528.0,2570.0,381661,18722
01/17/2013,2583.8,2593.0,2548.6,2576.8,692567,56520
01/18/2013,2580.4,2628.0,2565.2,2610.4,822573,64116
01/21/2013,2614.0,2621.0,2587.0,2608.2,646027,62810
01/22/2013,2610.8,2616.8,2579.2,2602.6,774966,57939
01/23/2013,2604.0,2616.2,2582.4,2615.6,694347,60301
01/24/2013,2614.8,2673.6,2572.8,2590.6,955841,59709
01/25/2013,2598.0,2601.2,2581.6,2592.8,511247,61245
01/28/2013,2593.0,2660.6,2590.4,2654.4,757860,67310
01/29/2013,2656.0,2687.4,2653.6,2671.0,583643,56989
01/30/2013,2681.0,2700.4,2661.2,2699.0,608180,54492
01/31/2013,2699.0,2703.6,2676.6,2699.8,613606,50386
02/01/2013,2695.2,2753.8,2675.2,2746.4,802633,50768
02/04/2013,2751.0,2768.4,2739.2,2749.4,573541,47006
02/05/2013,2737.8,2795.2,2737.0,2773.4,605971,43394
02/06/2013,2779.0,2797.6,2776.4,2785.6,287375,31017
02/07/2013,2780.4,2786.8,2740.2,2779.8,212072,19192
02/08/2013,2801.0,2830.2,2778.8,2784.2,621985,100096
02/18/2013,2792.0,2800.8,2738.0,2752.4,612964,102076
02/19/2013,2753.2,2756.8,2696.8,2709.2,646104,105182
02/20/2013,2713.2,2717.4,2696.0,2710.4,546146,103771
02/21/2013,2697.0,2697.8,2590.4,2615.2,771496,85980
02/22/2013,2615.2,2625.4,2593.2,2593.2,450508,85493
02/25/2013,2587.8,2642.0,2584.0,2605.0,724593,82218
02/26/2013,2591.2,2638.8,2560.0,2564.6,822719,74542
02/27/2013,2581.0,2622.0,2572.2,2587.6,875982,73801
02/28/2013,2605.0,2685.0,2597.4,2678.4,875442,74621
03/01/2013,2671.4,2683.0,2622.4,2666.6,735902,66070
03/04/2013,2651.4,2653.0,2537.4,2548.0,854502,77151
03/05/2013,2553.0,2628.0,2549.6,2616.0,911314,71084
03/06/2013,2627.8,2664.0,2621.0,2648.0,841192,64366
03/07/2013,2653.0,2659.4,2588.2,2615.6,913853,62076
03/08/2013,2623.0,2637.8,2602.0,2611.6,759730,60136
03/11/2013,2615.4,2619.2,2569.0,2592.6,720874,57651
03/12/2013,2596.0,2624.0,2526.2,2552.8,856038,46642
03/13/2013,2550.0,2555.4,2510.0,2529.0,617195,35301
03/14/2013,2520.0,2547.8,2505.2,2524.0,250020,18150
03/15/2013,2534.6,2615.8,2503.4,2533.4,1064394,58572
03/18/2013,2505.2,2555.0,2501.0,2510.8,786031,66097
03/19/2013,2520.0,2544.0,2497.0,2529.8,808569,67406
03/20/2013,2529.0,2613.2,2525.8,2610.0,1027964,69845
03/21/2013,2621.0,2633.0,2604.0,2617.0,646577,69785
03/22/2013,2613.2,2634.8,2607.6,2625.8,702983,70726
03/25/2013,2630.2,2652.8,2609.0,2622.6,735213,71941
03/26/2013,2617.0,2617.4,2553.0,2572.4,813445,64823
03/27/2013,2578.8,2617.8,2562.0,2573.6,854050,65040
03/28/2013,2566.0,2566.8,2492.6,2506.8,733851,64001
03/29/2013,2501.4,2515.4,2482.0,2483.8,604019,61713
04/01/2013,2481.2,2512.2,2471.2,2483.2,686779,62268
04/02/2013,2490.0,2529.0,2467.0,2505.8,897398,61450
04/03/2013,2502.2,2515.0,2474.4,2478.6,779825,61395
04/08/2013,2450.0,2478.0,2435.2,2463.8,657765,65969
04/09/2013,2473.0,2511.6,2471.0,2480.6,823777,60580
04/10/2013,2485.6,2491.2,2464.0,2481.0,659770,58702
04/11/2013,2493.8,2512.0,2465.4,2472.4,662650,62113
04/12/2013,2474.4,2482.0,2454.0,2461.8,578596,53184
04/15/2013,2442.8,2463.8,2422.6,2441.2,611821,49788
04/16/2013,2426.4,2457.6,2417.2,2450.0,675784,42907
04/17/2013,2457.0,2459.6,2428.2,2454.0,539176,26707
04/18/2013,2436.2,2479.6,2424.2,2459.8,232529,11904
04/19/2013,2462.0,2547.4,2461.0,2535.2,860653,60597
04/22/2013,2526.8,2543.0,2521.0,2531.8,470977,60817
04/23/2013,2534.8,2540.8,2440.8,2448.4,683054,55897
04/24/2013,2459.6,2514.4,2443.6,2492.6,815775,55373
04/25/2013,2488.2,2507.8,2450.4,2460.8,948447,56743
04/26/2013,2469.8,2490.0,2430.6,2439.8,723431,48592
05/02/2013,2426.0,2446.6,2415.0,2439.4,548723,49430
05/03/2013,2451.6,2521.2,2447.2,2486.6,817425,51681
05/06/2013,2503.8,2527.8,2492.4,2509.2,704012,52686
05/07/2013,2509.0,2531.6,2495.0,2525.0,664753,52751
05/08/2013,2533.6,2563.0,2525.6,2542.8,705759,59097
05/09/2013,2538.0,2542.0,2502.2,2520.8,645378,52911
05/10/2013,2511.8,2545.6,2508.0,2541.4,725644,50888
05/13/2013,2541.0,2544.8,2505.8,2514.6,594826,43760
05/14/2013,2516.2,2522.8,2461.6,2484.6,531640,35854
05/15/2013,2492.8,2497.2,2480.2,2488.0,194885,24512
05/16/2013,2474.4,2529.0,2453.0,2525.0,863420,84886
05/17/2013,2525.0,2585.6,2519.2,2572.6,756828,101324
05/20/2013,2579.2,2617.0,2574.4,2593.8,696900,99789
05/21/2013,2593.6,2607.0,2582.4,2599.6,582493,102812
05/22/2013,2602.0,2616.8,2590.6,2602.0,720708,102876
05/23/2013,2589.6,2613.8,2562.0,2570.8,809119,101710
05/24/2013,2583.8,2605.0,2558.8,2588.0,849492,95847
05/27/2013,2578.0,2602.0,2572.0,2573.6,635012,95491
05/28/2013,2573.6,2634.8,2565.8,2633.2,812248,100064
05/29/2013,2638.0,2656.0,2623.0,2627.2,600387,93685
05/30/2013,2625.6,2637.2,2612.0,2625.0,590059,94193
05/31/2013,2633.6,2639.4,2588.0,2600.0,662696,87934
06/03/2013,2604.4,2620.0,2589.0,2597.0,579487,89068
06/04/2013,2597.0,2599.8,2550.2,2562.6,670940,87583
06/05/2013,2564.6,2567.4,2544.2,2553.8,470589,87691
06/06/2013,2548.0,2559.0,2530.4,2534.8,579967,87686
06/07/2013,2536.2,2539.6,2467.0,2476.4,603987,79190
06/13/2013,2459.4,2459.8,2365.2,2383.6,569989,72904
06/14/2013,2394.0,2409.0,2386.2,2395.6,448656,62463
06/17/2013,2406.4,2421.0,2385.8,2396.2,513790,52857
06/18/2013,2406.0,2414.2,2365.2,2405.2,525066,41914
06/19/2013,2404.0,2404.0,2350.4,2395.0,400730,27751
06/20/2013,2365.0,2368.0,2306.8,2316.8,619261,78055
06/21/2013,2291.0,2315.0,2263.2,2296.4,768198,84649
06/24/2013,2290.2,2291.4,2131.0,2133.0,891789,91287
06/25/2013,2129.8,2147.8,1996.0,2112.8,1264711,73401
06/26/2013,2125.0,2151.0,2093.6,2122.4,954148,69358
06/27/2013,2134.6,2180.0,2095.0,2119.0,1050165,70151
06/28/2013,2116.0,2217.8,2098.0,2168.6,1253068,59806
07/01/2013,2158.0,2173.8,2106.8,2163.4,932091,59268
07/02/2013,2170.0,2173.4,2133.0,2161.4,889217,59207
07/03/2013,2150.4,2162.6,2109.6,2146.0,936496,60286
07/04/2013,2140.6,2203.0,2122.2,2171.0,1118878,61103
07/05/2013,2180.0,2205.0,2170.2,2173.6,881296,62511
07/08/2013,2145.0,2165.0,2104.0,2128.8,872452,60003
07/09/2013,2135.0,2144.0,2122.8,2127.2,640361,59456
07/10/2013,2117.0,2207.0,2112.0,2204.0,1026508,62035
07/11/2013,2215.0,2360.8,2211.0,2321.0,1176960,51385
07/12/2013,2318.0,2325.6,2255.0,2277.0,776084,42672
07/15/2013,2297.6,2342.0,2266.0,2291.4,934391,40050
07/16/2013,2287.6,2311.8,2261.2,2305.0,833735,34210
07/17/2013,2295.4,2325.8,2275.6,2282.4,712757,22596
07/18/2013,2275.6,2282.6,2233.2,2243.4,218387,11648
07/19/2013,2236.2,2244.4,2148.8,2155.0,922230,59882
07/22/2013,2140.0,2181.4,2124.0,2168.0,852452,59841
07/23/2013,2171.6,2269.2,2171.6,2243.0,1123777,58776
07/24/2013,2228.6,2242.8,2171.2,2232.4,980054,58908
07/25/2013,2227.8,2259.8,2191.0,2209.8,1113890,56908
07/26/2013,2200.8,2218.2,2171.6,2192.0,879735,55903
07/29/2013,2169.0,2169.8,2126.4,2163.6,761328,61406
07/30/2013,2158.0,2212.0,2144.2,2168.2,940386,65684
07/31/2013,2179.8,2224.0,2162.0,2165.0,887075,65439
08/01/2013,2174.0,2246.0,2173.6,2244.2,1118932,67542
08/02/2013,2254.8,2271.6,2229.2,2240.0,859756,60364
08/05/2013,2244.8,2274.4,2228.8,2265.8,833863,64187
08/06/2013,2261.6,2299.0,2241.8,2278.8,887686,64816
08/07/2013,2272.4,2310.0,2256.2,2258.4,970873,61995
08/08/2013,2270.0,2296.0,2254.8,2265.4,844524,60291
08/09/2013,2272.0,2297.8,2235.4,2288.2,985805,55338
08/12/2013,2294.6,2358.8,2289.4,2348.4,923594,56694
08/13/2013,2359.6,2362.0,2338.4,2354.6,607564,39953
08/14/2013,2359.0,2389.8,2336.0,2349.0,396091,18205
08/15/2013,2360.0,2369.4,2318.0,2329.6,732032,75792
08/16/2013,2319.8,2408.0,2283.0,2286.2,1220406,81087
08/19/2013,2283.0,2348.0,2275.8,2329.4,893124,84364
08/20/2013,2325.0,2358.0,2298.8,2308.6,905244,85443
08/21/2013,2321.0,2329.6,2288.8,2314.0,908202,84422
08/22/2013,2299.8,2336.0,2297.0,2309.0,853021,88103
08/23/2013,2323.0,2328.6,2243.6,2279.2,884883,88383
08/26/2013,2300.2,2344.0,2285.2,2340.0,924234,92353
08/27/2013,2340.0,2347.0,2318.6,2338.4,667709,83662
08/28/2013,2329.8,2347.8,2288.8,2322.8,934856,82229
08/29/2013,2333.6,2343.8,2295.6,2314.8,883943,77581
08/30/2013,2310.2,2328.0,2290.4,2302.2,909314,77539
09/02/2013,2316.0,2329.2,2291.8,2329.2,810715,78931
09/03/2013,2334.2,2354.0,2320.8,2349.0,845034,78642
09/04/2013,2349.0,2352.0,2339.4,2342.6,519443,75542
09/05/2013,2349.0,2349.8,2329.2,2341.8,597405,73915
09/06/2013,2334.2,2359.0,2330.6,2355.2,691661,73442
09/09/2013,2363.0,2447.6,2361.4,2434.8,867771,75449
09/10/2013,2437.6,2475.8,2433.4,2472.6,638193,74151
09/11/2013,2479.0,2497.6,2467.6,2480.8,681874,73110
09/12/2013,2480.8,2525.0,2471.0,2503.4,808410,70000
09/13/2013,2499.2,2512.8,2482.0,2497.2,610236,62007
09/16/2013,2505.8,2509.4,2471.0,2479.4,600405,47403
09/17/2013,2475.0,2479.4,2431.2,2440.4,457781,30464
09/18/2013,2440.4,2442.6,2409.6,2432.2,175395,13052
09/23/2013,2438.0,2483.8,2428.0,2468.8,741907,76370
09/24/2013,2470.4,2474.0,2421.2,2448.4,771533,74656
09/25/2013,2450.0,2461.2,2428.4,2434.8,688034,75385
09/26/2013,2433.0,2434.2,2383.4,2391.0,779590,75323
09/27/2013,2385.2,2403.0,2380.8,2398.4,563695,68500
09/30/2013,2396.0,2424.6,2395.0,2409.6,476830,65134
10/08/2013,2401.2,2449.0,2390.4,2440.0,609153,67580
10/09/2013,2435.0,2457.8,2426.6,2457.0,542702,67189
10/10/2013,2460.0,2462.0,2417.0,2429.0,708396,63468
10/11/2013,2449.0,2473.4,2436.2,2466.0,814167,57803
10/14/2013,2466.4,2478.2,2460.4,2468.8,598659,56124
10/15/2013,2475.0,2479.2,2443.0,2461.4,564680,50096
10/16/2013,2458.0,2459.0,2410.2,2426.4,653508,41233
10/17/2013,2436.2,2439.6,2408.2,2411.0,305786,21731
10/18/2013,2406.0,2433.0,2401.2,2415.0,663579,62288
10/21/2013,2421.0,2474.6,2414.0,2466.4,700800,70272
10/22/2013,2470.0,2471.4,2433.8,2446.0,609161,68616
10/23/2013,2448.2,2475.6,2409.2,2418.8,840645,71744
10/24/2013,2412.8,2424.8,2395.4,2405.4,740692,74587
10/25/2013,2405.4,2412.6,2347.2,2360.6,812595,74187
10/28/2013,2364.4,2374.0,2348.6,2363.6,599572,72429
10/29/2013,2367.0,2405.8,2328.8,2368.2,991362,70553
10/30/2013,2374.8,2400.8,2361.4,2391.8,813558,68037
10/31/2013,2391.0,2391.0,2365.2,2381.0,708038,64978
11/01/2013,2378.2,2398.4,2366.2,2391.4,680253,66181
11/04/2013,2393.0,2409.8,2374.6,2384.0,597017,68212
11/05/2013,2383.0,2389.6,2343.8,2381.4,721087,67716
11/06/2013,2383.8,2384.6,2347.8,2350.8,660725,71441
11/07/2013,2353.0,2359.2,2332.6,2349.4,697393,68538
11/08/2013,2341.0,2348.8,2307.4,2311.2,716121,71055
11/11/2013,2312.6,2325.6,2295.4,2319.2,641007,61518
11/12/2013,2324.8,2346.0,2317.4,2332.6,667948,52553
11/13/2013,2328.2,2329.4,2291.8,2294.4,545424,41369
11/14/2013,2296.6,2307.6,2285.4,2301.4,237983,20549
11/15/2013,2300.2,2381.6,2300.2,2344.4,896123,88962
11/18/2013,2368.0,2422.6,2356.8,2415.6,919457,95371
11/19/2013,2418.4,2421.0,2403.2,2415.2,568402,90273
11/20/2013,2418.0,2441.8,2404.4,2430.2,717558,91286
11/21/2013,2423.8,2424.8,2386.2,2414.6,746656,88455
11/22/2013,2425.0,2433.6,2396.8,2407.2,740244,90821
11/25/2013,2400.0,2426.2,2381.2,2390.2,737849,96456
11/26/2013,2388.0,2405.0,2382.4,2391.0,666446,95652
11/27/2013,2385.2,2436.2,2383.0,2422.4,816268,95635
11/28/2013,2426.0,2477.0,2425.0,2448.6,837429,99150
11/29/2013,2452.0,2459.0,2443.4,2457.0,512085,95717
12/02/2013,2440.0,2477.8,2411.6,2433.4,925918,95940
12/03/2013,2427.8,2463.8,2423.2,2451.6,683700,95950
12/04/2013,2448.8,2500.8,2446.4,2482.2,844487,98011
12/05/2013,2485.6,2489.2,2472.2,2483.8,548688,94268
12/06/2013,2482.2,2482.8,2457.2,2467.0,595838,92816
12/09/2013,2476.8,2489.0,2458.8,2461.4,537358,94395
12/10/2013,2462.2,2479.0,2457.0,2462.0,611202,91767
12/11/2013,2458.8,2459.0,2407.4,2421.0,587955,92030
12/12/2013,2420.0,2429.8,2412.4,2412.6,474825,88585
12/13/2013,2401.2,2428.6,2385.6,2414.2,629182,79075
12/16/2013,2410.6,2426.0,2364.2,2365.6,595506,77333
12/17/2013,2375.8,2376.0,2355.2,2357.8,468499,66933
12/18/2013,2355.0,2371.8,2355.0,2368.2,368545,51539
12/19/2013,2375.2,2378.0,2337.4,2341.0,216332,30785
12/20/2013,2350.0,2358.0,2294.4,2300.6,760708,95037
12/23/2013,2304.0,2314.0,2273.6,2306.0,673567,94779
12/24/2013,2308.6,2334.8,2281.8,2305.4,765118,95071
12/25/2013,2310.0,2327.8,2299.4,2319.0,722850,95373
12/26/2013,2320.0,2324.2,2279.0,2294.0,679652,100211
12/27/2013,2295.0,2346.0,2288.0,2326.8,880934,97504
12/30/2013,2341.4,2344.0,2315.2,2324.2,566897,98112
12/31/2013,2319.6,2355.6,2305.0,2345.0,815761,91351
01/02/2014,2340.0,2344.8,2325.0,2331.8,521979,95809
01/03/2014,2316.0,2327.8,2286.0,2302.4,598927,96696
01/06/2014,2294.0,2297.0,2230.8,2240.8,640223,91376
01/07/2014,2234.0,2253.0,2216.4,2238.4,626018,85620
01/08/2014,2243.6,2269.2,2229.0,2241.2,724309,85765
01/09/2014,2240.0,2265.0,2220.4,2223.6,715698,87542
01/10/2014,2224.0,2231.4,2206.6,2218.0,686705,83558
01/13/2014,2223.8,2228.8,2190.2,2204.4,623400,80680
01/14/2014,2197.0,2224.8,2186.2,2217.6,666190,70037
01/15/2014,2220.2,2221.8,2196.0,2211.6,515463,57917
01/16/2014,2217.6,2232.6,2203.4,2211.2,497659,27787
01/17/2014,2210.0,2218.6,2187.4,2199.2,633560,68203
01/20/2014,2199.6,2200.0,2172.8,2184.6,570355,73155
01/21/2014,2184.0,2217.2,2182.4,2206.4,648824,71828
01/22/2014,2206.0,2256.4,2205.2,2254.6,734205,75374
01/23/2014,2255.0,2256.0,2236.0,2244.2,520148,72540
01/24/2014,2236.6,2271.4,2230.2,2251.8,707263,71019
01/27/2014,2235.0,2242.0,2216.2,2227.0,528237,71469
01/28/2014,2225.8,2248.0,2217.6,2230.8,569614,70184
01/29/2014,2238.0,2247.0,2232.0,2240.0,466626,68991
01/30/2014,2233.0,2236.6,2196.2,2199.2,429342,68764
02/07/2014,2195.0,2216.4,2178.2,2214.6,458473,70208
02/10/2014,2221.6,2270.0,2221.2,2260.4,586644,67395
02/11/2014,2262.0,2289.2,2258.4,2277.4,599468,63671
02/12/2014,2285.0,2290.6,2275.2,2284.0,476456,61495
02/13/2014,2284.0,2291.0,2271.2,2273.4,495048,59075
02/14/2014,2276.6,2290.4,2273.2,2288.4,459567,55429
02/17/2014,2297.0,2320.0,2292.6,2305.4,489404,44260
02/18/2014,2306.2,2307.6,2272.0,2280.4,324034,33632
02/19/2014,2280.2,2310.6,2275.2,2304.2,220024,19610
02/20/2014,2310.2,2330.6,2280.4,2282.8,642851,92523
02/21/2014,2286.4,2291.4,2256.2,2266.2,556410,95890
02/24/2014,2257.4,2258.0,2186.0,2206.2,642284,95287
02/25/2014,2215.0,2218.6,2144.0,2145.6,697334,101326
02/26/2014,2140.6,2157.8,2131.8,2149.0,676056,98347
02/27/2014,2154.0,2169.6,2140.4,2148.2,775386,97252
02/28/2014,2155.0,2176.8,2119.6,2174.0,842004,93735
03/03/2014,2165.6,2185.8,2151.6,2163.8,686707,93695
03/04/2014,2160.4,2172.2,2140.4,2169.8,738918,93122
03/05/2014,2177.6,2182.8,2145.4,2149.6,682315,98687
03/06/2014,2143.0,2173.8,2117.2,2167.4,919590,91011
03/07/2014,2165.8,2177.6,2141.0,2141.2,731009,92098
03/10/2014,2121.2,2128.8,2060.0,2062.8,708496,92864
03/11/2014,2067.0,2103.8,2061.0,2088.6,791116,84447
03/12/2014,2073.8,2098.6,2063.6,2085.8,837039,82507
03/13/2014,2091.8,2121.6,2087.8,2105.4,794082,79947
03/14/2014,2097.8,2106.6,2085.8,2100.0,576308,71412
03/17/2014,2095.0,2160.4,2095.0,2137.4,637263,58449
03/18/2014,2142.0,2144.0,2113.0,2114.4,501937,54429
03/19/2014,2118.0,2123.8,2088.8,2123.2,529158,34337
03/20/2014,2113.8,2137.0,2074.4,2081.6,219920,15864
03/21/2014,2054.8,2168.4,2048.2,2153.8,1023570,78275
03/24/2014,2151.0,2163.4,2132.2,2150.8,694899,78180
03/25/2014,2155.0,2176.6,2142.2,2152.6,712445,77984
03/26/2014,2161.8,2166.0,2143.6,2153.0,625918,76948
03/27/2014,2146.8,2181.0,2124.6,2134.8,901952,74529
03/28/2014,2142.2,2165.8,2137.6,2145.0,830598,72609
03/31/2014,2150.0,2168.0,2128.2,2143.4,678008,70973
04/01/2014,2148.4,2176.0,2139.0,2158.4,741374,72976
04/02/2014,2160.6,2178.0,2157.4,2175.0,673003,73558
04/03/2014,2180.2,2195.0,2157.8,2159.6,689044,77260
04/04/2014,2156.6,2190.0,2150.8,2188.0,693640,78278
04/08/2014,2179.8,2249.8,2178.2,2247.2,826752,84085
04/09/2014,2249.8,2258.6,2235.8,2236.2,554425,77892
04/10/2014,2244.0,2297.8,2233.2,2285.0,855974,73375
04/11/2014,2278.0,2284.8,2261.6,2272.0,633463,64479
04/14/2014,2272.0,2282.4,2260.6,2272.4,517711,61767
04/15/2014,2276.0,2278.6,2226.0,2236.8,627712,55540
04/16/2014,2233.6,2252.0,2222.4,2233.0,632172,42395
04/17/2014,2243.0,2246.6,2223.4,2229.0,301671,19552
04/18/2014,2215.0,2235.2,2192.4,2225.8,717142,69905
04/21/2014,2213.0,2238.8,2174.4,2179.8,729098,75324
04/22/2014,2174.2,2198.0,2163.4,2188.6,718852,71509
04/23/2014,2191.4,2196.8,2175.4,2185.0,619348,70722
04/24/2014,2186.0,2205.0,2173.6,2183.2,680630,70504
04/25/2014,2184.2,2196.0,2165.6,2172.4,744456,69990
04/28/2014,2158.6,2174.0,2139.2,2143.6,625383,75569
04/29/2014,2142.8,2168.8,2140.6,2160.8,552707,70995
04/30/2014,2157.0,2161.8,2146.0,2147.0,419327,67540
05/05/2014,2149.8,2167.0,2123.0,2156.6,638183,69685
05/06/2014,2157.0,2177.6,2142.0,2144.8,632839,72409
05/07/2014,2142.0,2151.8,2133.6,2136.0,573466,72451
05/08/2014,2135.0,2174.0,2131.8,2137.4,772847,69424
05/09/2014,2135.0,2144.4,2123.4,2138.0,668492,66819
05/12/2014,2155.0,2186.0,2140.2,2178.8,758308,60181
05/13/2014,2180.0,2180.6,2162.0,2166.6,440970,51101
05/14/2014,2169.0,2183.8,2163.4,2165.6,423917,34899
05/15/2014,2165.6,2168.6,2145.0,2147.4,158135,18915
05/16/2014,2132.0,2144.0,2124.0,2130.4,583388,109087
05/19/2014,2126.2,2130.6,2089.0,2099.6,659420,113846
05/20/2014,2117.0,2120.0,2096.4,2099.4,547236,114365
05/21/2014,2096.0,2128.0,2082.0,2119.2,780967,112989
05/22/2014,2124.8,2155.0,2113.2,2114.2,791189,111045
05/23/2014,2115.8,2143.6,2115.6,2143.2,722236,105268
05/26/2014,2147.4,2163.8,2135.6,2148.2,597112,110203
05/27/2014,2149.2,2154.8,2137.6,2142.2,580418,106654
05/28/2014,2142.0,2174.4,2123.0,2173.8,821515,110648
05/29/2014,2175.4,2178.6,2149.2,2153.4,562944,106745
05/30/2014,2152.8,2165.8,2142.6,2147.8,651611,97582
06/03/2014,2158.0,2162.4,2138.2,2139.2,512440,103254
06/04/2014,2139.2,2142.6,2112.2,2125.2,560374,104577
06/05/2014,2125.0,2155.4,2120.6,2149.6,620330,98668
06/06/2014,2152.6,2153.6,2112.8,2125.6,703915,93018
06/09/2014,2126.0,2153.8,2115.4,2128.2,792366,90282
06/10/2014,2130.0,2159.8,2125.4,2157.6,857837,91667
06/11/2014,2156.6,2157.4,2144.2,2151.2,590002,86941
06/12/2014,2148.6,2158.6,2145.2,2150.4,491061,84436
06/13/2014,2148.0,2187.0,2128.2,2177.2,798035,81915
06/16/2014,2181.0,2200.0,2173.6,2186.6,538040,71323
06/17/2014,2188.2,2188.4,2170.6,2173.0,422578,58210
06/18/2014,2173.4,2179.6,2162.0,2164.2,308959,38661
06/19/2014,2165.4,2169.6,2123.4,2135.6,144323,22173
06/20/2014,2131.2,2139.8,2123.6,2132.8,543607,121944
06/23/2014,2135.2,2148.8,2122.0,2123.2,585486,122399
06/24/2014,2120.0,2139.6,2120.0,2132.2,566466,116978
06/25/2014,2130.8,2133.8,2115.0,2126.0,545547,118006
06/26/2014,2128.0,2146.6,2127.8,2135.6,619285,115555
06/27/2014,2135.8,2155.6,2128.0,2142.4,581199,109779
06/30/2014,2144.0,2166.0,2143.8,2154.2,594740,109027
07/01/2014,2157.8,2170.0,2145.8,2156.2,517229,110351
07/02/2014,2158.0,2165.2,2143.0,2163.2,616513,111103
07/03/2014,2166.4,2179.4,2157.6,2167.4,645564,109238
07/04/2014,2170.4,2173.0,2160.8,2166.6,463522,103236
07/07/2014,2167.0,2174.4,2158.0,2163.2,475802,104612
07/08/2014,2163.0,2168.8,2151.0,2167.0,532650,103984
07/09/2014,2165.6,2167.8,2131.6,2132.2,561916,107269
07/10/2014,2133.8,2141.0,2129.0,2133.2,379760,104980
07/11/2014,2131.6,2151.0,2131.6,2138.0,547920,94060
07/14/2014,2141.0,2166.0,2138.4,2162.4,528418,82564
07/15/2014,2165.0,2169.0,2158.0,2163.0,416981,71207
07/16/2014,2164.0,2174.8,2161.6,2163.4,435423,56565
07/17/2014,2163.0,2165.0,2143.4,2155.8,264433,28915
07/18/2014,2146.0,2172.8,2145.2,2158.8,605189,88424
07/21/2014,2160.2,2165.8,2150.4,2157.4,442089,92679
07/22/2014,2157.0,2196.6,2151.0,2186.4,665843,101106
07/23/2014,2188.4,2207.4,2182.0,2190.6,608231,100723
07/24/2014,2190.8,2242.8,2190.0,2240.4,862759,105592
07/25/2014,2243.8,2279.6,2238.8,2274.6,603892,103623
07/28/2014,2276.0,2357.6,2275.0,2336.4,891896,109968
07/29/2014,2340.4,2359.6,2329.2,2335.4,687886,108142
07/30/2014,2333.0,2348.4,2325.0,2328.8,713562,108288
07/31/2014,2330.0,2371.2,2323.0,2370.8,775762,111769
08/01/2014,2365.0,2391.8,2333.2,2342.6,929869,107083
08/04/2014,2343.2,2392.4,2343.2,2386.4,901824,112696
08/05/2014,2388.2,2394.2,2360.6,2368.0,830224,110302
08/06/2014,2363.6,2377.2,2337.4,2362.0,865135,105568
08/07/2014,2366.4,2376.2,2330.8,2334.4,848414,101482
08/08/2014,2334.4,2349.8,2326.0,2338.6,697998,96575
08/11/2014,2346.0,2376.4,2342.0,2360.0,728559,91644
08/12/2014,2362.0,2366.8,2345.0,2365.8,593424,76221
08/13/2014,2367.0,2373.4,2335.2,2358.8,554012,48351
08/14/2014,2365.0,2366.8,2333.0,2335.6,248949,22100
08/15/2014,2350.6,2385.6,2345.6,2378.0,805638,147266
08/18/2014,2378.0,2394.0,2367.4,2376.2,701287,145024
08/19/2014,2379.8,2384.2,2357.0,2374.4,698616,140228
08/20/2014,2374.0,2378.6,2361.0,2364.4,666923,138239
08/21/2014,2367.0,2369.4,2336.2,2354.8,685140,135270
08/22/2014,2356.2,2374.4,2351.6,2372.2,691779,133423
08/25/2014,2373.6,2377.2,2341.8,2348.0,676285,133287
08/26/2014,2347.8,2355.6,2327.8,2337.6,722864,134605
08/27/2014,2338.6,2347.6,2333.4,2336.0,517339,133376
08/28/2014,2336.6,2343.8,2321.6,2330.6,631839,135584
08/29/2014,2327.8,2352.8,2327.6,2351.6,585425,132741
09/01/2014,2353.0,2359.0,2341.8,2349.6,553454,129291
09/02/2014,2352.0,2395.6,2347.4,2389.4,801993,133651
09/03/2014,2393.6,2424.8,2391.0,2411.6,814246,133160
09/04/2014,2413.8,2446.0,2411.2,2445.6,771774,138771
09/05/2014,2450.0,2475.4,2443.2,2470.2,862928,148414
09/09/2014,2471.0,2473.0,2449.0,2457.6,605014,143510
09/10/2014,2451.0,2453.2,2427.4,2441.4,663006,133476
09/11/2014,2441.2,2478.6,2417.6,2418.0,1044577,124423
09/12/2014,2419.0,2445.8,2415.8,2439.2,779624,118789
09/15/2014,2430.0,2442.0,2421.0,2433.0,649235,103455
09/16/2014,2434.6,2452.0,2386.2,2394.2,892304,82060
09/17/2014,2404.6,2408.8,2386.6,2402.0,530455,61413
09/18/2014,2402.0,2415.0,2392.2,2405.8,244568,27951
09/19/2014,2417.2,2446.8,2411.2,2441.4,837992,133563
09/22/2014,2438.2,2438.6,2375.6,2389.2,813739,130900
09/23/2014,2387.6,2416.8,2387.0,2403.8,752765,132865
09/24/2014,2402.8,2469.8,2393.0,2468.4,1032475,157619
09/25/2014,2476.0,2495.8,2445.0,2454.6,974558,154715
09/26/2014,2446.6,2464.6,2435.2,2450.8,833638,152423
09/29/2014,2450.0,2462.4,2440.2,2455.2,610894,146791
09/30/2014,2460.2,2466.8,2445.2,2453.2,563308,137904
10/08/2014,2468.0,2486.0,2446.8,2483.6,684472,134400
10/09/2014,2487.0,2494.8,2467.2,2475.0,643682,130869
10/10/2014,2468.2,2483.0,2457.0,2469.8,714532,121314
10/13/2014,2465.2,2467.0,2425.0,2454.4,718714,110836
10/14/2014,2449.6,2462.4,2423.2,2438.6,719856,91676
10/15/2014,2440.0,2465.8,2425.4,2455.0,762348,63703
10/16/2014,2445.0,2475.8,2438.4,2446.6,435024,26584
10/17/2014,2452.8,2462.0,2425.4,2444.4,867840,120024
10/20/2014,2454.8,2459.6,2442.2,2453.8,641808,123535
10/21/2014,2453.6,2463.8,2436.2,2439.4,747899,128575
10/22/2014,2442.8,2453.2,2426.2,2428.6,705278,132085
10/23/2014,2426.6,2436.6,2402.6,2405.6,814216,130542
10/24/2014,2408.0,2413.6,2396.0,2396.6,616341,133232
10/27/2014,2391.0,2391.8,2368.2,2381.0,706590,137962
10/28/2014,2383.0,2428.4,2383.0,2425.8,737404,135407
10/29/2014,2429.4,2471.6,2423.8,2457.6,872767,129242
10/30/2014,2460.0,2473.6,2452.2,2469.6,843691,129200
10/31/2014,2474.0,2525.0,2471.0,2523.2,1110664,133124
11/03/2014,2524.8,2529.6,2508.2,2511.2,675518,134828
11/04/2014,2510.2,2518.0,2504.8,2511.0,632316,130568
11/05/2014,2512.2,2524.6,2500.2,2515.2,746368,129085
11/06/2014,2518.0,2521.0,2488.6,2517.2,829996,135737
11/07/2014,2520.0,2549.8,2486.6,2496.4,1180315,124551
11/10/2014,2520.6,2568.8,2508.2,2564.8,1079730,123543
11/11/2014,2566.8,2591.6,2532.0,2549.4,1328659,117440
11/12/2014,2551.0,2590.8,2543.6,2584.2,968069,113570
11/13/2014,2584.0,2588.8,2561.0,2570.8,1018479,102532
11/14/2014,2568.8,2578.2,2548.8,2578.2,868800,94735
11/17/2014,2601.2,2613.4,2559.6,2567.0,998777,86403
11/18/2014,2569.0,2570.4,2535.6,2545.0,675994,81238
11/19/2014,2541.8,2551.0,2531.2,2533.6,392169,47001
11/20/2014,2535.4,2553.8,2526.2,2553.2,747887,161058
11/21/2014,2552.0,2604.6,2538.4,2602.8,1073295,174844
11/24/2014,2621.0,2697.4,2616.6,2674.4,1312102,175868
11/25/2014,2680.0,2727.4,2670.0,2724.4,1024900,179733
11/26/2014,2724.6,2750.6,2713.4,2745.6,1244011,178527
11/27/2014,2747.4,2767.4,2728.0,2754.8,1123763,174978
11/28/2014,2754.0,2826.0,2741.8,2826.0,1230047,169616
12/01/2014,2820.0,2843.2,2797.0,2809.2,1141574,166358
12/02/2014,2807.4,2988.0,2805.6,2936.0,1843418,163194
12/03/2014,2946.0,3062.0,2942.0,2996.2,2127834,163644
12/04/2014,3002.2,3198.6,3002.0,3195.8,1966443,166738
12/05/2014,3210.0,3259.2,3107.0,3183.0,2183892,163761
12/08/2014,3173.0,3351.4,3134.0,3327.2,1833507,162923
12/09/2014,3308.4,3471.0,3005.0,3143.0,2555554,138463
12/10/2014,3159.8,3305.4,3124.0,3229.6,2140875,138075
12/11/2014,3209.0,3279.8,3172.2,3207.8,1702846,107311
12/12/2014,3213.8,3298.0,3190.2,3215.8,1441658,107864
12/15/2014,3198.8,3277.8,3171.2,3244.0,1084793,109510
12/16/2014,3236.2,3332.8,3235.0,3322.8,1287895,80765
12/17/2014,3339.0,3368.0,3265.6,3363.6,909493,24995
12/18/2014,3499.0,3535.0,3448.2,3490.6,1441628,159109
12/19/2014,3502.0,3521.8,3380.2,3503.0,1549063,162488
12/22/2014,3506.0,3512.4,3396.0,3399.4,1631397,157058
12/23/2014,3405.0,3464.6,3311.6,3313.0,1596976,150483
12/24/2014,3308.0,3347.6,3195.6,3259.0,1772554,126626
12/25/2014,3275.0,3383.4,3254.8,3381.0,1751079,124035
12/26/2014,3380.4,3518.4,3353.8,3483.0,1808425,130907
12/29/2014,3520.4,3593.8,3410.8,3474.6,1704383,123590
12/30/2014,3475.0,3531.0,3441.0,3482.6,1824842,122402
12/31/2014,3488.0,3596.4,3477.0,3593.2,1354714,129487
01/05/2015,3619.0,3768.8,3585.2,3671.4,1303810,138633
01/06/2015,3664.0,3707.8,3610.0,3656.8,1522728,127237
01/07/2015,3655.8,3684.2,3615.4,3663.2,1294935,114534
01/08/2015,3676.6,3679.6,3553.0,3562.0,1565105,105242
01/09/2015,3570.0,3718.0,3511.0,3528.0,1713171,88364
01/12/2015,3567.0,3575.0,3463.6,3537.6,1268691,81457
01/13/2015,3535.8,3568.8,3501.2,3529.6,1104965,77162
01/14/2015,3536.0,3563.4,3471.6,3504.2,1026731,63228
01/15/2015,3509.0,3627.6,3483.0,3625.0,748861,21979
01/16/2015,3686.8,3714.0,3661.8,3667.2,1188668,114442
01/19/2015,3519.8,3519.8,3316.2,3316.2,1063324,117624
01/20/2015,3303.0,3448.8,3300.0,3394.4,1734080,105907
01/21/2015,3405.0,3581.8,3405.0,3546.0,1459796,112574
01/22/2015,3555.0,3595.0,3524.2,3561.2,1192074,108107
01/23/2015,3579.6,3649.0,3551.6,3597.0,1448937,103279
01/26/2015,3605.0,3635.2,3571.4,3626.8,1064911,107650
01/27/2015,3639.4,3643.0,3508.2,3574.6,1322288,108253
01/28/2015,3567.2,3603.6,3511.0,3523.6,1367393,108348
01/29/2015,3478.0,3516.6,3450.8,3493.6,1232704,102412
01/30/2015,3506.4,3532.8,3420.0,3429.2,1374952,104079
02/02/2015,3357.0,3427.0,3353.0,3397.0,1094811,110408
02/03/2015,3400.0,3467.2,3380.6,3455.4,1224371,115571
02/04/2015,3472.0,3508.6,3383.0,3392.0,1228877,117899
02/05/2015,3499.8,3537.0,3345.6,3355.2,1513768,112731
02/06/2015,3361.4,3390.4,3287.2,3344.6,1318691,102940
02/09/2015,3329.2,3400.2,3315.6,3376.2,1240607,97718
02/10/2015,3375.6,3440.4,3354.0,3437.4,1263639,95890
02/11/2015,3443.6,3469.6,3433.0,3447.0,1011176,90564
02/12/2015,3449.6,3470.0,3419.0,3455.8,817005,79157
02/13/2015,3462.8,3531.2,3457.6,3466.0,870585,63779
02/16/2015,3468.0,3509.8,3468.0,3506.8,327353,35118
02/17/2015,3546.6,3583.4,3542.2,3558.0,665971,156259
02/25/2015,3564.0,3568.8,3469.0,3487.8,847148,154073
02/26/2015,3488.0,3616.8,3473.6,3612.6,1058250,169886
02/27/2015,3614.8,3624.0,3572.0,3587.2,960924,164194
03/02/2015,3630.0,3636.0,3578.0,3606.2,1150857,160461
03/03/2015,3600.6,3601.0,3507.6,3539.6,1131315,154446
03/04/2015,3532.4,3562.8,3502.8,3533.2,1180790,158544
03/05/2015,3530.0,3533.6,3473.2,3506.6,1189131,154214
03/06/2015,3508.6,3529.2,3480.6,3490.2,1017878,152092
03/09/2015,3471.2,3575.0,3420.4,3564.4,1210246,150929
03/10/2015,3571.2,3571.8,3521.2,3527.8,1061772,147498
03/11/2015,3518.0,3598.6,3512.0,3542.2,1232780,151667
03/12/2015,3558.8,3629.4,3555.0,3592.0,1320085,146658
03/13/2015,3610.0,3651.8,3597.4,3622.8,1167051,130648
03/16/2015,3618.0,3718.0,3617.4,3713.8,1066131,131638
03/17/2015,3725.0,3766.8,3719.4,3765.0,1099739,85777
03/18/2015,3768.8,3860.8,3760.8,3813.0,976338,47251
03/19/2015,3822.2,3847.6,3807.0,3829.8,371347,19576
03/20/2015,3869.8,3933.0,3842.2,3919.0,1504327,131123
03/23/2015,3950.0,4003.0,3945.2,3994.2,1304328,145784
03/24/2015,4002.0,4008.2,3921.0,3963.6,1386556,143680
03/25/2015,3966.8,3987.4,3915.4,3951.8,1284394,136976
03/26/2015,3941.2,3993.8,3891.2,3934.0,1604325,136242
03/27/2015,3935.4,3991.8,3924.0,3985.6,1296462,133886
03/30/2015,3992.6,4146.8,3991.8,4140.6,1275334,143232
03/31/2015,4175.0,4199.0,4001.0,4035.8,1596233,134644
04/01/2015,4043.0,4172.0,4042.0,4122.8,1561038,144840
04/02/2015,4153.8,4175.0,4051.4,4106.2,1532615,126503
04/03/2015,4099.6,4214.8,4082.0,4206.0,1613984,131362
04/07/2015,4236.0,4255.2,4181.8,4239.8,1236705,118870
04/08/2015,4245.2,4286.8,4193.0,4247.6,1529251,114187
04/09/2015,4250.0,4279.0,4181.0,4226.2,1586649,102028
04/10/2015,4230.2,4382.6,4216.0,4377.0,1466382,111960
04/13/2015,4399.8,4443.6,4361.2,4421.0,1229737,104588
04/14/2015,4414.2,4479.6,4377.6,4416.6,1406142,85608
04/15/2015,4421.6,4469.2,4368.0,4382.4,1427566,58631
04/16/2015,4389.6,4540.2,4371.4,4521.2,778193,21449
04/17/2015,4568.8,4665.0,4557.0,4604.4,1388871,94067
04/20/2015,4588.4,4683.0,4487.4,4516.4,1628754,103457
04/21/2015,4550.0,4630.6,4528.0,4618.8,1428010,105687
04/22/2015,4631.0,4764.0,4631.0,4761.0,1260977,109669
04/23/2015,4762.4,4787.8,4691.2,4716.0,1447784,96785
04/24/2015,4692.2,4733.0,4612.0,4722.0,1411169,100972
04/27/2015,4742.0,4824.6,4737.0,4804.0,1326364,102486
04/28/2015,4791.2,4811.0,4660.0,4721.0,1438546,89600
04/29/2015,4701.8,4806.2,4700.4,4771.0,1203575,101301
04/30/2015,4777.8,4826.8,4733.6,4767.8,1208777,92597
05/04/2015,4790.0,4806.2,4712.8,4757.6,1014409,94572
05/05/2015,4768.6,4771.6,4566.0,4618.0,1259363,104809
05/06/2015,4628.0,4712.0,4532.0,4582.0,1465118,114629
05/07/2015,4575.0,4589.4,4495.6,4503.2,1413924,133056
05/08/2015,4525.0,4573.0,4451.2,4541.4,1452579,126281
05/11/2015,4567.0,4672.8,4530.4,4658.0,1262672,94630
05/12/2015,4660.4,4724.6,4635.0,4704.0,1162418,74708
05/13/2015,4702.8,4733.0,4653.8,4674.2,950409,49314
05/14/2015,4676.2,4703.8,4657.0,4691.0,429212,23985
05/15/2015,4675.6,4677.8,4515.4,4563.0,1511232,139507
05/18/2015,4583.8,4599.8,4531.8,4536.8,1232678,143805
05/19/2015,4547.8,4780.4,4543.0,4774.0,1505638,174187
05/20/2015,4780.0,4907.0,4739.0,4775.0,1542579,174826
05/21/2015,4785.0,4904.8,4778.6,4891.8,1518782,195196
05/22/2015,4908.0,5027.2,4893.0,5022.8,1505153,202048
05/25/2015,4993.2,5190.0,4985.0,5156.4,1300551,195999
05/26/2015,5170.2,5287.4,5150.0,5274.2,1542497,193918
05/27/2015,5304.0,5370.0,5205.4,5290.0,1579474,178924
05/28/2015,5309.0,5328.0,4851.2,4943.2,1835645,182766
05/29/2015,4969.6,5025.0,4800.2,4897.0,1867516,179652
06/01/2015,4907.0,5260.0,4882.6,5249.0,1476757,188420
06/02/2015,5251.6,5331.4,5125.0,5264.2,1674093,174588
06/03/2015,5281.4,5307.0,5132.2,5182.6,1852000,177936
06/04/2015,5190.0,5274.6,4687.8,5250.4,1986125,152144
06/05/2015,5257.0,5323.0,5080.0,5230.4,1886262,138172
06/08/2015,5230.0,5400.0,5149.8,5335.4,1644696,116905
06/09/2015,5343.0,5365.0,5186.0,5250.4,1664665,103984
06/10/2015,5200.0,5394.4,5184.8,5252.8,1636320,102540
06/11/2015,5282.0,5332.2,5221.6,5299.6,1419761,95746
06/12/2015,5305.0,5377.8,5263.0,5361.6,1355496,87408
06/15/2015,5349.8,5387.0,5153.2,5199.8,1459257,89913
06/16/2015,5190.0,5197.8,5001.2,5069.2,1610772,72239
06/17/2015,5092.0,5163.8,4961.2,5113.8,1433491,51070
06/18/2015,5113.0,5117.6,4922.6,4934.0,682713,22602
06/19/2015,4934.0,4945.0,4514.0,4598.0,1924424,127920
06/23/2015,4597.0,4812.0,4461.0,4730.8,2044492,133657
06/24/2015,4750.0,4870.6,4703.2,4858.2,1799960,126775
06/25/2015,4874.0,4908.6,4570.0,4587.2,2058502,117827
06/26/2015,4585.0,4620.0,4212.4,4212.4,2155731,109649
06/29/2015,4335.2,4408.8,3821.0,4014.2,2882235,101044
06/30/2015,4067.8,4448.6,3977.2,4381.4,2308094,110045
07/01/2015,4388.0,4483.0,4012.0,4059.0,2255951,98439
07/02/2015,4170.2,4316.4,3933.0,4130.0,2594682,102563
07/03/2015,4123.6,4205.0,3787.2,3931.8,2431070,137428
07/06/2015,4299.8,4347.6,3811.0,4040.6,2000696,123661
07/07/2015,4021.8,4024.4,3650.0,3696.8,1518689,108537
07/08/2015,3589.0,3750.0,3463.4,3463.4,414476,95900
07/09/2015,3363.0,3810.0,3363.0,3810.0,618869,72240
07/10/2015,3818.0,4191.0,3780.8,4166.6,1128332,64376
07/13/2015,4120.0,4269.8,4071.2,4085.4,1679624,53816
07/14/2015,4100.0,4135.0,3928.8,4001.6,1649752,42878
07/15/2015,4015.8,4022.2,3786.4,3858.4,1642710,31466
07/16/2015,3840.0,4068.8,3782.0,4008.0,1008523,8908
07/17/2015,3890.0,4182.0,3865.6,4090.4,1980419,52262
07/20/2015,4102.2,4116.6,3865.6,3950.0,1915253,52981
07/21/2015,3940.0,4049.6,3867.2,3969.0,2088061,51627
07/22/2015,3959.0,3992.6,3860.0,3945.2,1680058,54305
07/23/2015,3942.0,4218.0,3933.0,4183.8,1786621,62794
07/24/2015,4195.0,4203.6,3976.4,4012.2,1891384,59894
07/27/2015,4005.0,4014.0,3647.8,3647.8,1716828,62999
07/28/2015,3611.0,3749.8,3557.8,3654.0,2226862,60150
07/29/2015,3683.0,3828.0,3602.0,3821.4,2065706,64359
07/30/2015,3819.0,3822.8,3580.0,3653.8,2246907,64093
07/31/2015,3650.0,3782.0,3611.2,3693.4,1926320,59812
08/03/2015,3670.0,3674.0,3568.6,3638.2,1291333,58246
08/04/2015,3640.4,3874.0,3638.2,3837.6,1543420,62864
08/05/2015,3838.8,3846.8,3727.4,3762.6,1485697,59560
08/06/2015,3731.2,3849.8,3693.0,3766.8,1895077,63812
08/07/2015,3765.2,3928.0,3765.2,3854.6,1958798,63774
08/10/2015,3867.0,4089.6,3866.0,4032.8,1755566,70017
08/11/2015,4046.6,4056.2,3983.0,4001.2,1777406,61712
08/12/2015,3982.8,4049.0,3952.8,3966.8,1989198,62184
08/13/2015,3975.2,4028.0,3920.0,4015.6,1756079,59242
08/14/2015,4021.2,4064.4,3980.0,4008.6,1826601,56590
08/17/2015,4002.0,4016.4,3911.6,4003.8,1661291,53579
08/18/2015,4015.4,4048.0,3633.2,3755.0,2053606,46351
08/19/2015,3736.0,3850.0,3653.0,3808.2,1847063,26630
08/20/2015,3802.0,3829.0,3736.4,3748.4,684510,15975
08/21/2015,3580.2,3617.8,3408.8,3469.2,2340449,88223
08/24/2015,3391.2,3398.0,3132.2,3132.2,1375400,91084
08/25/2015,3050.0,3106.6,2821.6,2821.6,2425793,85303
08/26/2015,2852.0,3024.0,2686.0,2749.6,1816214,76415
08/27/2015,2830.0,3050.2,2819.6,3030.8,1774184,75171
08/28/2015,3085.4,3228.6,3013.6,3188.4,1312380,67025
08/31/2015,3170.0,3170.0,2983.0,3070.2,560679,57745
09/01/2015,3080.0,3140.0,2886.8,2999.0,581134,54062
09/02/2015,2939.8,3200.0,2910.0,2965.8,594525,51622
09/07/2015,3099.8,3329.0,3050.0,3096.2,38054,41633
09/08/2015,3120.0,3339.0,3075.0,3338.0,28957,35438
09/09/2015,3364.0,3388.8,3292.8,3328.2,23237,33763
09/10/2015,3308.4,3336.8,3268.0,3296.6,15978,32649
09/11/2015,3310.0,3354.6,3278.0,3311.4,16290,30488
09/14/2015,3350.0,3360.0,3101.0,3130.6,21371,26557
09/15/2015,3131.6,3209.6,3103.2,3142.2,17635,22126
09/16/2015,3161.8,3346.0,3110.8,3304.8,17246,15837
09/17/2015,3304.6,3347.0,3228.4,3240.6,11370,9471
09/18/2015,3143.8,3170.2,3098.0,3139.0,14356,21569
09/21/2015,3107.4,3234.8,3100.0,3232.2,16556,23505
09/22/2015,3240.2,3266.8,3210.2,3232.8,15332,23793
09/23/2015,3218.8,3220.0,3136.0,3161.0,14619,24157
09/24/2015,3168.0,3222.0,3157.2,3187.0,13630,24779
09/25/2015,3195.8,3196.8,3070.0,3118.0,15266,24717
09/28/2015,3106.0,3168.6,3091.0,3150.0,12950,24680
09/29/2015,3108.2,3120.0,3048.8,3082.8,13114,24782
09/30/2015,3103.4,3151.0,3093.6,3121.4,11851,24113
10/08/2015,3251.2,3301.0,3212.0,3214.8,13416,24553
10/09/2015,3241.4,3319.6,3232.4,3310.0,14340,24409
10/12/2015,3340.2,3476.8,3321.0,3421.0,16314,22092
10/13/2015,3420.0,3428.4,3396.0,3414.8,11664,19269
10/14/2015,3400.0,3433.8,3359.0,3377.0,12615,15691
10/15/2015,3387.6,3493.8,3383.2,3493.8,11481,10341
10/16/2015,3433.0,3464.2,3393.0,3436.6,12057,16632
10/19/2015,3439.6,3446.6,3341.0,3381.4,13379,18365
10/20/2015,3395.0,3470.0,3374.0,3466.6,13128,18993
10/21/2015,3450.0,3465.2,3317.8,3342.8,16232,19882
10/22/2015,3356.8,3436.6,3352.0,3405.0,15693,20540
10/23/2015,3428.0,3478.0,3386.0,3476.8,14343,20913
10/26/2015,3496.0,3503.4,3438.0,3470.2,13161,21617
10/27/2015,3460.0,3498.8,3382.2,3478.6,14959,22250
10/28/2015,3476.8,3482.2,3400.0,3413.0,14097,22408
10/29/2015,3423.0,3466.2,3391.4,3440.0,13801,23096
10/30/2015,3439.8,3480.8,3392.6,3439.2,14639,23506
11/02/2015,3390.0,3459.0,3362.4,3403.0,14270,23606
11/03/2015,3415.2,3424.0,3370.0,3376.6,13113,23982
11/04/2015,3391.2,3601.2,3388.8,3591.2,17523,24650
11/05/2015,3580.0,3697.4,3562.0,3638.4,17894,23138
11/06/2015,3641.0,3765.2,3637.6,3753.0,15502,22920
11/09/2015,3743.0,3833.0,3733.0,3775.4,14546,22945
11/10/2015,3759.4,3809.0,3745.0,3776.0,12597,22022
11/11/2015,3769.0,3807.6,3737.4,3806.0,12735,21844
11/12/2015,3799.6,3815.2,3711.8,3756.8,13602,20903
11/13/2015,3730.0,3758.0,3692.2,3722.2,13149,19868
11/16/2015,3665.8,3749.0,3665.8,3734.4,13080,18104
11/17/2015,3751.2,3829.4,3695.8,3699.2,13958,15112
11/18/2015,3716.2,3752.0,3689.0,3698.8,10060,11702
11/19/2015,3716.0,3775.0,3703.8,3775.0,8129,6837
11/20/2015,3687.8,3694.8,3635.2,3644.8,14914,34999
11/23/2015,3640.0,3694.4,3611.0,3619.2,14578,36283
11/24/2015,3622.2,3655.6,3576.4,3655.6,16575,36613
11/25/2015,3652.8,3698.8,3628.0,3695.0,14873,36985
11/26/2015,3701.6,3730.0,3653.0,3662.0,15111,36587
11/27/2015,3663.0,3670.0,3440.0,3487.4,18971,36555
11/30/2015,3487.2,3523.0,3423.4,3485.8,18161,36840
12/01/2015,3500.0,3554.8,3470.0,3524.8,15853,36856
12/02/2015,3530.2,3693.0,3504.8,3692.0,21374,36302
12/03/2015,3674.4,3712.4,3650.0,3699.6,15165,35381
12/04/2015,3665.0,3679.0,3601.0,3638.0,15414,34766
12/07/2015,3650.0,3663.8,3605.8,3620.0,13794,34555
12/08/2015,3606.0,3609.6,3557.2,3579.2,15427,34220
12/09/2015,3571.6,3626.6,3570.6,3593.2,14741,33226
12/10/2015,3587.8,3659.0,3544.0,3567.0,16540,31831
12/11/2015,3581.0,3615.2,3540.0,3593.0,15650,29981
12/14/2015,3565.8,3715.8,3558.0,3711.8,18771,26114
12/15/2015,3712.0,3718.0,3666.2,3670.4,14496,21097
12/16/2015,3685.8,3715.0,3670.6,3675.0,12459,16080
12/17/2015,3686.4,3771.8,3686.4,3754.4,12263,8256
12/18/2015,3687.0,3726.2,3680.2,3704.8,14278,25664
12/21/2015,3694.4,3820.0,3692.0,3800.2,14845,27544
12/22/2015,3804.8,3827.8,3771.2,3819.0,13209,27558
12/23/2015,3817.8,3858.6,3790.2,3805.0,15306,28579
12/24/2015,3811.0,3814.6,3730.4,3775.2,15078,28392
12/25/2015,3782.2,3806.8,3760.2,3806.8,12153,28638
12/28/2015,3791.6,3798.4,3642.8,3647.6,15233,28222
12/29/2015,3661.0,3712.0,3653.2,3695.8,14092,29293
12/30/2015,3706.8,3718.6,3665.0,3696.8,13244,29288
12/31/2015,3698.8,3734.0,3651.6,3658.2,13942,29113
01/04/2016,3640.0,3657.4,3415.8,3425.0,12513,27612
01/05/2016,3425.0,3486.6,3341.0,3408.8,18526,30025
01/06/2016,3417.2,3501.0,3417.2,3465.0,17110,28437
01/07/2016,3430.2,3438.8,3238.6,3245.2,4727,26483
01/08/2016,3320.4,3401.0,3215.4,3309.0,19258,27917
01/11/2016,3250.0,3313.2,3151.6,3151.8,20436,25749
01/12/2016,3204.8,3236.6,3166.2,3196.6,18644,22218
01/13/2016,3236.0,3249.2,3113.0,3152.8,18514,17553
01/14/2016,3098.2,3215.2,3082.0,3204.6,16415,9564
01/15/2016,3109.8,3127.8,2985.0,3027.8,16098,21230
01/18/2016,3010.0,3097.0,3010.0,3042.0,18938,23770
01/19/2016,3048.2,3156.0,3040.0,3134.0,18741,24760
01/20/2016,3115.6,3142.0,3051.2,3074.0,18141,25028
01/21/2016,3085.0,3139.0,2998.0,3011.0,20056,26016
01/22/2016,3058.8,3070.0,2985.2,3042.0,19068,26463
01/25/2016,3058.2,3086.8,3029.2,3044.2,15013,26512
01/26/2016,3025.6,3041.6,2881.0,2899.0,18918,27510
01/27/2016,2921.2,2922.8,2808.0,2867.6,21999,28533
01/28/2016,2856.0,2900.0,2811.4,2816.8,17931,28281
01/29/2016,2827.0,2938.0,2827.0,2903.8,20277,27511
02/01/2016,2910.0,2925.0,2843.0,2883.8,17230,26398
02/02/2016,2890.2,2963.0,2881.4,2948.8,18148,26011
02/03/2016,2924.4,2944.0,2881.2,2939.4,17007,25505
02/04/2016,2955.6,2998.0,2943.0,2978.8,17349,24933
02/05/2016,2969.6,2975.2,2934.0,2937.2,12402,21664
02/15/2016,2885.0,2948.6,2880.2,2929.8,14438,20497
02/16/2016,2946.0,3031.6,2944.8,3016.6,15217,17236
02/17/2016,3017.6,3055.0,3011.4,3045.6,12780,12672
02/18/2016,3069.6,3088.6,3041.0,3050.6,9069,7665
02/19/2016,2976.6,3010.6,2966.8,2980.8,16554,33822
02/22/2016,3013.0,3066.0,3003.0,3042.0,18228,35752
02/23/2016,3037.2,3047.0,2988.0,3022.4,18091,35773
02/24/2016,3017.0,3045.8,2977.0,3039.8,20368,36531
02/25/2016,3039.8,3043.6,2822.0,2847.0,23938,37659
02/26/2016,2879.0,2905.2,2851.0,2880.0,20746,37572
02/29/2016,2868.2,2879.0,2753.2,2789.0,22702,38393
03/01/2016,2800.0,2898.6,2793.4,2864.2,23348,37993
03/02/2016,2883.6,3017.8,2880.0,3009.0,24454,38725
03/03/2016,3010.0,3034.8,2998.2,3008.6,20460,37040
03/04/2016,3006.6,3069.0,2982.0,3052.4,23353,36766
03/07/2016,3090.2,3135.6,3048.0,3083.8,21358,36127
03/08/2016,3072.2,3080.0,2970.2,3075.4,22774,35263
03/09/2016,3029.2,3042.2,2992.0,3016.6,19523,33841
03/10/2016,3020.6,3060.0,2982.0,2983.0,19317,32584
03/11/2016,2980.2,3012.0,2961.0,2986.6,19754,30618
03/14/2016,3020.0,3108.8,3019.8,3042.0,21773,27858
03/15/2016,3043.0,3060.6,3011.2,3046.6,18995,23164
03/16/2016,3070.0,3096.8,3043.0,3062.0,17534,17790
03/17/2016,3099.0,3160.6,3071.0,3123.0,14253,9399
03/18/2016,3094.2,3164.2,3080.2,3125.0,21475,31003
03/21/2016,3161.0,3245.0,3161.0,3210.2,20669,33803
03/22/2016,3195.0,3220.0,3187.0,3194.6,16594,34343
03/23/2016,3205.0,3226.8,3166.0,3196.0,17323,34932
03/24/2016,3170.0,3186.0,3130.2,3144.8,19095,34318
03/25/2016,3150.0,3178.0,3143.4,3162.8,15121,34305
03/28/2016,3175.2,3216.8,3120.0,3129.8,18261,34930
03/29/2016,3136.2,3149.6,3082.0,3104.0,18588,34524
03/30/2016,3142.8,3197.6,3131.0,3190.0,19986,34696
03/31/2016,3203.4,3208.6,3172.8,3191.0,18153,34448
04/01/2016,3185.2,3210.0,3123.6,3206.6,19905,34992
04/05/2016,3190.2,3286.6,3180.8,3236.2,19764,35953
04/06/2016,3227.8,3244.4,3222.2,3239.4,14521,35149
04/07/2016,3257.2,3262.4,3195.0,3202.8,18429,34835
04/08/2016,3192.0,3192.6,3145.6,3180.0,18299,32868
04/11/2016,3207.0,3255.0,3205.0,3213.8,19938,29580
04/12/2016,3210.0,3222.0,3190.0,3215.4,17834,24317
04/13/2016,3245.0,3306.6,3242.4,3251.6,19544,17754
04/14/2016,3271.0,3284.6,3252.0,3269.2,12552,8994
04/15/2016,3234.4,3243.4,3220.2,3237.6,15020,29583
04/18/2016,3219.8,3220.8,3171.4,3191.6,15722,31001
04/19/2016,3226.6,3229.0,3175.2,3192.6,15275,31416
04/20/2016,3206.0,3217.0,3072.2,3114.8,22139,32793
04/21/2016,3110.0,3158.0,3103.6,3137.4,12458,30377
04/22/2016,3102,3147,3098.4,3141.2,15358,15358
04/25/2016,3125,3134.4,3083,3127.6,15420,15420
04/26/2016,3130.2,3157.4,3105.2,3143,15821,15821
04/27/2016,3148.2,3153,3117,3125.8,14153,14153
04/28/2016,3140,3141,3097,3121.2,15287,15287
04/29/2016,3111,3143.6,3110.4,3137.2,4111,4111